Copyright 1986-2022 Xilinx, Inc. All Rights Reserved. Copyright 2022-2024 Advanced Micro Devices, Inc. All Rights Reserved.
---------------------------------------------------------------------------------------------------------------------------------------------------------------------------------------------------------------------------
| Tool Version : Vivado v.2024.2 (lin64) Build 5239630 Fri Nov 08 22:34:34 MST 2024
| Date         : Fri Sep  4 20:46:08 2026
| Host         : saqibdaniel running 64-bit Linux Mint 22.1
| Command      : report_timing_summary -max_paths 10 -report_unconstrained -file top_module_timing_summary_routed.rpt -pb top_module_timing_summary_routed.pb -rpx top_module_timing_summary_routed.rpx -warn_on_violation
| Design       : top_module
| Device       : 7a35ti-cpg236
| Speed File   : -1L  PRODUCTION 1.23 2018-06-13
| Design State : Routed
---------------------------------------------------------------------------------------------------------------------------------------------------------------------------------------------------------------------------

Timing Summary Report

------------------------------------------------------------------------------------------------
| Timer Settings
| --------------
------------------------------------------------------------------------------------------------

  Enable Multi Corner Analysis               :  Yes
  Enable Pessimism Removal                   :  Yes
  Pessimism Removal Resolution               :  Nearest Common Node
  Enable Input Delay Default Clock           :  No
  Enable Preset / Clear Arcs                 :  No
  Disable Flight Delays                      :  No
  Ignore I/O Paths                           :  No
  Timing Early Launch at Borrowing Latches   :  No
  Borrow Time for Max Delay Exceptions       :  Yes
  Merge Timing Exceptions                    :  Yes
  Inter-SLR Compensation                     :  Conservative

  Corner  Analyze    Analyze    
  Name    Max Paths  Min Paths  
  ------  ---------  ---------  
  Slow    Yes        Yes        
  Fast    Yes        Yes        


------------------------------------------------------------------------------------------------
| Report Methodology
| ------------------
------------------------------------------------------------------------------------------------

Rule       Severity  Description                    Violations  
---------  --------  -----------------------------  ----------  
TIMING-18  Warning   Missing input or output delay  20          

Note: This report is based on the most recent report_methodology run and may not be up-to-date. Run report_methodology on the current design for the latest report.



check_timing report

Table of Contents
-----------------
1. checking no_clock (0)
2. checking constant_clock (0)
3. checking pulse_width_clock (0)
4. checking unconstrained_internal_endpoints (0)
5. checking no_input_delay (12)
6. checking no_output_delay (8)
7. checking multiple_clock (0)
8. checking generated_clocks (0)
9. checking loops (0)
10. checking partial_input_delay (0)
11. checking partial_output_delay (0)
12. checking latch_loops (0)

1. checking no_clock (0)
------------------------
 There are 0 register/latch pins with no clock.


2. checking constant_clock (0)
------------------------------
 There are 0 register/latch pins with constant_clock.


3. checking pulse_width_clock (0)
---------------------------------
 There are 0 register/latch pins which need pulse_width check


4. checking unconstrained_internal_endpoints (0)
------------------------------------------------
 There are 0 pins that are not constrained for maximum delay.

 There are 0 pins that are not constrained for maximum delay due to constant clock.


5. checking no_input_delay (12)
-------------------------------
 There are 12 input ports with no input delay specified. (HIGH)

 There are 0 input ports with no input delay but user has a false path constraint.


6. checking no_output_delay (8)
-------------------------------
 There are 8 ports with no output delay specified. (HIGH)

 There are 0 ports with no output delay but user has a false path constraint

 There are 0 ports with no output delay but with a timing clock defined on it or propagating through it


7. checking multiple_clock (0)
------------------------------
 There are 0 register/latch pins with multiple clocks.


8. checking generated_clocks (0)
--------------------------------
 There are 0 generated clocks that are not connected to a clock source.


9. checking loops (0)
---------------------
 There are 0 combinational loops in the design.


10. checking partial_input_delay (0)
------------------------------------
 There are 0 input ports with partial input delay specified.


11. checking partial_output_delay (0)
-------------------------------------
 There are 0 ports with partial output delay specified.


12. checking latch_loops (0)
----------------------------
 There are 0 combinational latch loops in the design through latch input



------------------------------------------------------------------------------------------------
| Design Timing Summary
| ---------------------
------------------------------------------------------------------------------------------------

    WNS(ns)      TNS(ns)  TNS Failing Endpoints  TNS Total Endpoints      WHS(ns)      THS(ns)  THS Failing Endpoints  THS Total Endpoints     WPWS(ns)     TPWS(ns)  TPWS Failing Endpoints  TPWS Total Endpoints  
    -------      -------  ---------------------  -------------------      -------      -------  ---------------------  -------------------     --------     --------  ----------------------  --------------------  
        inf        0.000                      0                   74          inf        0.000                      0                   74        4.500        0.000                       0                    23  


All user specified timing constraints are met.


------------------------------------------------------------------------------------------------
| Clock Summary
| -------------
------------------------------------------------------------------------------------------------

Clock        Waveform(ns)       Period(ns)      Frequency(MHz)
-----        ------------       ----------      --------------
sys_clk_pin  {0.000 5.000}      10.000          100.000         


------------------------------------------------------------------------------------------------
| Intra Clock Table
| -----------------
------------------------------------------------------------------------------------------------

Clock             WNS(ns)      TNS(ns)  TNS Failing Endpoints  TNS Total Endpoints      WHS(ns)      THS(ns)  THS Failing Endpoints  THS Total Endpoints     WPWS(ns)     TPWS(ns)  TPWS Failing Endpoints  TPWS Total Endpoints  
-----             -------      -------  ---------------------  -------------------      -------      -------  ---------------------  -------------------     --------     --------  ----------------------  --------------------  
sys_clk_pin                                                                                                                                                     4.500        0.000                       0                    23  


------------------------------------------------------------------------------------------------
| Inter Clock Table
| -----------------
------------------------------------------------------------------------------------------------

From Clock    To Clock          WNS(ns)      TNS(ns)  TNS Failing Endpoints  TNS Total Endpoints      WHS(ns)      THS(ns)  THS Failing Endpoints  THS Total Endpoints  
----------    --------          -------      -------  ---------------------  -------------------      -------      -------  ---------------------  -------------------  


------------------------------------------------------------------------------------------------
| Other Path Groups Table
| -----------------------
------------------------------------------------------------------------------------------------

Path Group    From Clock    To Clock          WNS(ns)      TNS(ns)  TNS Failing Endpoints  TNS Total Endpoints      WHS(ns)      THS(ns)  THS Failing Endpoints  THS Total Endpoints  
----------    ----------    --------          -------      -------  ---------------------  -------------------      -------      -------  ---------------------  -------------------  


------------------------------------------------------------------------------------------------
| User Ignored Path Table
| -----------------------
------------------------------------------------------------------------------------------------

Path Group    From Clock    To Clock    
----------    ----------    --------    


------------------------------------------------------------------------------------------------
| Unconstrained Path Table
| ------------------------
------------------------------------------------------------------------------------------------

Path Group    From Clock    To Clock    
----------    ----------    --------    
(none)        sys_clk_pin                 
(none)                      sys_clk_pin   


------------------------------------------------------------------------------------------------
| Timing Details
| --------------
------------------------------------------------------------------------------------------------


---------------------------------------------------------------------------------------------------
From Clock:  sys_clk_pin
  To Clock:  sys_clk_pin

Setup :           NA  Failing Endpoints,  Worst Slack           NA  ,  Total Violation           NA
Hold  :           NA  Failing Endpoints,  Worst Slack           NA  ,  Total Violation           NA
PW    :            0  Failing Endpoints,  Worst Slack        4.500ns,  Total Violation        0.000ns
---------------------------------------------------------------------------------------------------


Pulse Width Checks
--------------------------------------------------------------------------------------
Clock Name:         sys_clk_pin
Waveform(ns):       { 0.000 5.000 }
Period(ns):         10.000
Sources:            { clk }

Check Type        Corner  Lib Pin  Reference Pin  Required(ns)  Actual(ns)  Slack(ns)  Location       Pin
Min Period        n/a     BUFG/I   n/a            2.155         10.000      7.845      BUFGCTRL_X0Y0  clk_IBUF_BUFG_inst/I
Min Period        n/a     FDRE/C   n/a            1.000         10.000      9.000      SLICE_X1Y10    A_reg_reg[0]/C
Min Period        n/a     FDRE/C   n/a            1.000         10.000      9.000      SLICE_X1Y13    A_reg_reg[1]/C
Min Period        n/a     FDRE/C   n/a            1.000         10.000      9.000      SLICE_X1Y10    A_reg_reg[2]/C
Min Period        n/a     FDRE/C   n/a            1.000         10.000      9.000      SLICE_X1Y10    A_reg_reg[3]/C
Min Period        n/a     FDRE/C   n/a            1.000         10.000      9.000      SLICE_X1Y11    A_reg_reg[4]/C
Min Period        n/a     FDRE/C   n/a            1.000         10.000      9.000      SLICE_X1Y11    A_reg_reg[5]/C
Min Period        n/a     FDRE/C   n/a            1.000         10.000      9.000      SLICE_X1Y11    A_reg_reg[6]/C
Min Period        n/a     FDRE/C   n/a            1.000         10.000      9.000      SLICE_X1Y11    A_reg_reg[7]/C
Min Period        n/a     FDRE/C   n/a            1.000         10.000      9.000      SLICE_X0Y12    B_reg_reg[0]/C
Low Pulse Width   Slow    FDRE/C   n/a            0.500         5.000       4.500      SLICE_X1Y10    A_reg_reg[0]/C
Low Pulse Width   Fast    FDRE/C   n/a            0.500         5.000       4.500      SLICE_X1Y10    A_reg_reg[0]/C
Low Pulse Width   Slow    FDRE/C   n/a            0.500         5.000       4.500      SLICE_X1Y13    A_reg_reg[1]/C
Low Pulse Width   Fast    FDRE/C   n/a            0.500         5.000       4.500      SLICE_X1Y13    A_reg_reg[1]/C
Low Pulse Width   Slow    FDRE/C   n/a            0.500         5.000       4.500      SLICE_X1Y10    A_reg_reg[2]/C
Low Pulse Width   Fast    FDRE/C   n/a            0.500         5.000       4.500      SLICE_X1Y10    A_reg_reg[2]/C
Low Pulse Width   Slow    FDRE/C   n/a            0.500         5.000       4.500      SLICE_X1Y10    A_reg_reg[3]/C
Low Pulse Width   Fast    FDRE/C   n/a            0.500         5.000       4.500      SLICE_X1Y10    A_reg_reg[3]/C
Low Pulse Width   Slow    FDRE/C   n/a            0.500         5.000       4.500      SLICE_X1Y11    A_reg_reg[4]/C
Low Pulse Width   Fast    FDRE/C   n/a            0.500         5.000       4.500      SLICE_X1Y11    A_reg_reg[4]/C
High Pulse Width  Slow    FDRE/C   n/a            0.500         5.000       4.500      SLICE_X1Y10    A_reg_reg[0]/C
High Pulse Width  Fast    FDRE/C   n/a            0.500         5.000       4.500      SLICE_X1Y10    A_reg_reg[0]/C
High Pulse Width  Slow    FDRE/C   n/a            0.500         5.000       4.500      SLICE_X1Y13    A_reg_reg[1]/C
High Pulse Width  Fast    FDRE/C   n/a            0.500         5.000       4.500      SLICE_X1Y13    A_reg_reg[1]/C
High Pulse Width  Slow    FDRE/C   n/a            0.500         5.000       4.500      SLICE_X1Y10    A_reg_reg[2]/C
High Pulse Width  Fast    FDRE/C   n/a            0.500         5.000       4.500      SLICE_X1Y10    A_reg_reg[2]/C
High Pulse Width  Slow    FDRE/C   n/a            0.500         5.000       4.500      SLICE_X1Y10    A_reg_reg[3]/C
High Pulse Width  Fast    FDRE/C   n/a            0.500         5.000       4.500      SLICE_X1Y10    A_reg_reg[3]/C
High Pulse Width  Slow    FDRE/C   n/a            0.500         5.000       4.500      SLICE_X1Y11    A_reg_reg[4]/C
High Pulse Width  Fast    FDRE/C   n/a            0.500         5.000       4.500      SLICE_X1Y11    A_reg_reg[4]/C



--------------------------------------------------------------------------------------
Path Group:  (none)
From Clock:  sys_clk_pin
  To Clock:  

Max Delay             8 Endpoints
Min Delay             8 Endpoints
--------------------------------------------------------------------------------------


Max Delay Paths
--------------------------------------------------------------------------------------
Slack:                    inf
  Source:                 A_reg_reg[0]/C
                            (rising edge-triggered cell FDRE clocked by sys_clk_pin  {rise@0.000ns fall@5.000ns period=10.000ns})
  Destination:            leds[1]
                            (output port)
  Path Group:             (none)
  Path Type:              Max at Slow Process Corner
  Data Path Delay:        10.935ns  (logic 4.967ns (45.419%)  route 5.969ns (54.581%))
  Logic Levels:           5  (CARRY4=1 LUT2=1 LUT5=1 LUT6=1 OBUF=1)
  Clock Uncertainty:      0.025ns  ((TSJ^2 + TIJ^2)^1/2 + DJ) / 2 + PE
    Total System Jitter     (TSJ):    0.050ns
    Total Input Jitter      (TIJ):    0.000ns
    Discrete Jitter          (DJ):    0.000ns
    Phase Error              (PE):    0.000ns

    Location             Delay type                Incr(ns)  Path(ns)    Netlist Resource(s)
  -------------------------------------------------------------------    -------------------
                         (clock sys_clk_pin rise edge)
                                                      0.000     0.000 r  
    W5                                                0.000     0.000 r  clk (IN)
                         net (fo=0)                   0.000     0.000    clk
    W5                   IBUF (Prop_ibuf_I_O)         1.458     1.458 r  clk_IBUF_inst/O
                         net (fo=1, routed)           1.967     3.425    clk_IBUF
    BUFGCTRL_X0Y0        BUFG (Prop_bufg_I_O)         0.096     3.521 r  clk_IBUF_BUFG_inst/O
                         net (fo=22, routed)          1.636     5.157    clk_IBUF_BUFG
    SLICE_X1Y10          FDRE                                         r  A_reg_reg[0]/C
  -------------------------------------------------------------------    -------------------
    SLICE_X1Y10          FDRE (Prop_fdre_C_Q)         0.456     5.613 r  A_reg_reg[0]/Q
                         net (fo=7, routed)           1.183     6.796    ALU/leds_OBUF[3]_inst_i_5_0[0]
    SLICE_X2Y12          LUT2 (Prop_lut2_I0_O)        0.124     6.920 r  ALU/result0_carry_i_4/O
                         net (fo=1, routed)           0.000     6.920    ALU/result0_carry_i_4_n_0
    SLICE_X2Y12          CARRY4 (Prop_carry4_S[0]_O[1])
                                                      0.427     7.347 r  ALU/result0_carry/O[1]
                         net (fo=1, routed)           0.958     8.305    ALU/data0[1]
    SLICE_X3Y11          LUT6 (Prop_lut6_I0_O)        0.306     8.611 r  ALU/leds_OBUF[1]_inst_i_3/O
                         net (fo=1, routed)           0.891     9.502    ALU/leds_OBUF[1]_inst_i_3_n_0
    SLICE_X2Y10          LUT5 (Prop_lut5_I1_O)        0.124     9.626 r  ALU/leds_OBUF[1]_inst_i_1/O
                         net (fo=1, routed)           2.937    12.563    leds_OBUF[1]
    E19                  OBUF (Prop_obuf_I_O)         3.530    16.093 r  leds_OBUF[1]_inst/O
                         net (fo=0)                   0.000    16.093    leds[1]
    E19                                                               r  leds[1] (OUT)
  -------------------------------------------------------------------    -------------------

Slack:                    inf
  Source:                 B_reg_reg[6]/C
                            (rising edge-triggered cell FDRE clocked by sys_clk_pin  {rise@0.000ns fall@5.000ns period=10.000ns})
  Destination:            leds[5]
                            (output port)
  Path Group:             (none)
  Path Type:              Max at Slow Process Corner
  Data Path Delay:        10.683ns  (logic 4.466ns (41.808%)  route 6.217ns (58.192%))
  Logic Levels:           5  (LUT4=1 LUT5=1 LUT6=2 OBUF=1)
  Clock Uncertainty:      0.025ns  ((TSJ^2 + TIJ^2)^1/2 + DJ) / 2 + PE
    Total System Jitter     (TSJ):    0.050ns
    Total Input Jitter      (TIJ):    0.000ns
    Discrete Jitter          (DJ):    0.000ns
    Phase Error              (PE):    0.000ns

    Location             Delay type                Incr(ns)  Path(ns)    Netlist Resource(s)
  -------------------------------------------------------------------    -------------------
                         (clock sys_clk_pin rise edge)
                                                      0.000     0.000 r  
    W5                                                0.000     0.000 r  clk (IN)
                         net (fo=0)                   0.000     0.000    clk
    W5                   IBUF (Prop_ibuf_I_O)         1.458     1.458 r  clk_IBUF_inst/O
                         net (fo=1, routed)           1.967     3.425    clk_IBUF
    BUFGCTRL_X0Y0        BUFG (Prop_bufg_I_O)         0.096     3.521 r  clk_IBUF_BUFG_inst/O
                         net (fo=22, routed)          1.635     5.156    clk_IBUF_BUFG
    SLICE_X0Y11          FDRE                                         r  B_reg_reg[6]/C
  -------------------------------------------------------------------    -------------------
    SLICE_X0Y11          FDRE (Prop_fdre_C_Q)         0.456     5.612 r  B_reg_reg[6]/Q
                         net (fo=6, routed)           1.140     6.752    ALU/Q[6]
    SLICE_X0Y11          LUT5 (Prop_lut5_I4_O)        0.124     6.876 f  ALU/leds_OBUF[6]_inst_i_8/O
                         net (fo=8, routed)           1.011     7.887    ALU/leds_OBUF[6]_inst_i_8_n_0
    SLICE_X1Y12          LUT4 (Prop_lut4_I3_O)        0.124     8.011 r  ALU/leds_OBUF[0]_inst_i_2/O
                         net (fo=6, routed)           1.194     9.205    ALU/leds_OBUF[0]_inst_i_2_n_0
    SLICE_X3Y12          LUT6 (Prop_lut6_I5_O)        0.124     9.329 r  ALU/leds_OBUF[5]_inst_i_4/O
                         net (fo=1, routed)           0.807    10.136    ALU/leds_OBUF[5]_inst_i_4_n_0
    SLICE_X1Y13          LUT6 (Prop_lut6_I5_O)        0.124    10.260 r  ALU/leds_OBUF[5]_inst_i_1/O
                         net (fo=1, routed)           2.066    12.325    leds_OBUF[5]
    U15                  OBUF (Prop_obuf_I_O)         3.514    15.840 r  leds_OBUF[5]_inst/O
                         net (fo=0)                   0.000    15.840    leds[5]
    U15                                                               r  leds[5] (OUT)
  -------------------------------------------------------------------    -------------------

Slack:                    inf
  Source:                 A_reg_reg[7]/C
                            (rising edge-triggered cell FDRE clocked by sys_clk_pin  {rise@0.000ns fall@5.000ns period=10.000ns})
  Destination:            leds[3]
                            (output port)
  Path Group:             (none)
  Path Type:              Max at Slow Process Corner
  Data Path Delay:        10.081ns  (logic 4.691ns (46.534%)  route 5.390ns (53.466%))
  Logic Levels:           5  (LUT5=1 LUT6=3 OBUF=1)
  Clock Uncertainty:      0.025ns  ((TSJ^2 + TIJ^2)^1/2 + DJ) / 2 + PE
    Total System Jitter     (TSJ):    0.050ns
    Total Input Jitter      (TIJ):    0.000ns
    Discrete Jitter          (DJ):    0.000ns
    Phase Error              (PE):    0.000ns

    Location             Delay type                Incr(ns)  Path(ns)    Netlist Resource(s)
  -------------------------------------------------------------------    -------------------
                         (clock sys_clk_pin rise edge)
                                                      0.000     0.000 r  
    W5                                                0.000     0.000 r  clk (IN)
                         net (fo=0)                   0.000     0.000    clk
    W5                   IBUF (Prop_ibuf_I_O)         1.458     1.458 r  clk_IBUF_inst/O
                         net (fo=1, routed)           1.967     3.425    clk_IBUF
    BUFGCTRL_X0Y0        BUFG (Prop_bufg_I_O)         0.096     3.521 r  clk_IBUF_BUFG_inst/O
                         net (fo=22, routed)          1.635     5.156    clk_IBUF_BUFG
    SLICE_X1Y11          FDRE                                         r  A_reg_reg[7]/C
  -------------------------------------------------------------------    -------------------
    SLICE_X1Y11          FDRE (Prop_fdre_C_Q)         0.456     5.612 r  A_reg_reg[7]/Q
                         net (fo=16, routed)          1.346     6.959    ALU/leds_OBUF[3]_inst_i_5_0[7]
    SLICE_X1Y12          LUT5 (Prop_lut5_I3_O)        0.152     7.111 r  ALU/leds_OBUF[3]_inst_i_6/O
                         net (fo=1, routed)           0.436     7.547    ALU/leds_OBUF[3]_inst_i_6_n_0
    SLICE_X1Y12          LUT6 (Prop_lut6_I3_O)        0.326     7.873 r  ALU/leds_OBUF[3]_inst_i_5/O
                         net (fo=2, routed)           1.307     9.180    ALU/leds_OBUF[3]_inst_i_5_n_0
    SLICE_X0Y12          LUT6 (Prop_lut6_I1_O)        0.124     9.304 r  ALU/leds_OBUF[3]_inst_i_4/O
                         net (fo=1, routed)           0.575     9.879    ALU/leds_OBUF[3]_inst_i_4_n_0
    SLICE_X0Y13          LUT6 (Prop_lut6_I5_O)        0.124    10.003 r  ALU/leds_OBUF[3]_inst_i_1/O
                         net (fo=1, routed)           1.725    11.728    leds_OBUF[3]
    V19                  OBUF (Prop_obuf_I_O)         3.509    15.237 r  leds_OBUF[3]_inst/O
                         net (fo=0)                   0.000    15.237    leds[3]
    V19                                                               r  leds[3] (OUT)
  -------------------------------------------------------------------    -------------------

Slack:                    inf
  Source:                 B_reg_reg[1]/C
                            (rising edge-triggered cell FDRE clocked by sys_clk_pin  {rise@0.000ns fall@5.000ns period=10.000ns})
  Destination:            leds[7]
                            (output port)
  Path Group:             (none)
  Path Type:              Max at Slow Process Corner
  Data Path Delay:        9.869ns  (logic 5.360ns (54.307%)  route 4.510ns (45.693%))
  Logic Levels:           6  (CARRY4=2 LUT2=1 LUT5=1 LUT6=1 OBUF=1)
  Clock Uncertainty:      0.025ns  ((TSJ^2 + TIJ^2)^1/2 + DJ) / 2 + PE
    Total System Jitter     (TSJ):    0.050ns
    Total Input Jitter      (TIJ):    0.000ns
    Discrete Jitter          (DJ):    0.000ns
    Phase Error              (PE):    0.000ns

    Location             Delay type                Incr(ns)  Path(ns)    Netlist Resource(s)
  -------------------------------------------------------------------    -------------------
                         (clock sys_clk_pin rise edge)
                                                      0.000     0.000 r  
    W5                                                0.000     0.000 r  clk (IN)
                         net (fo=0)                   0.000     0.000    clk
    W5                   IBUF (Prop_ibuf_I_O)         1.458     1.458 r  clk_IBUF_inst/O
                         net (fo=1, routed)           1.967     3.425    clk_IBUF
    BUFGCTRL_X0Y0        BUFG (Prop_bufg_I_O)         0.096     3.521 r  clk_IBUF_BUFG_inst/O
                         net (fo=22, routed)          1.634     5.155    clk_IBUF_BUFG
    SLICE_X0Y12          FDRE                                         r  B_reg_reg[1]/C
  -------------------------------------------------------------------    -------------------
    SLICE_X0Y12          FDRE (Prop_fdre_C_Q)         0.456     5.611 r  B_reg_reg[1]/Q
                         net (fo=15, routed)          1.165     6.776    ALU/Q[1]
    SLICE_X2Y12          LUT2 (Prop_lut2_I1_O)        0.124     6.900 r  ALU/result0_carry_i_3/O
                         net (fo=1, routed)           0.000     6.900    ALU/result0_carry_i_3_n_0
    SLICE_X2Y12          CARRY4 (Prop_carry4_S[1]_CO[3])
                                                      0.533     7.433 r  ALU/result0_carry/CO[3]
                         net (fo=1, routed)           0.000     7.433    ALU/result0_carry_n_0
    SLICE_X2Y13          CARRY4 (Prop_carry4_CI_O[3])
                                                      0.315     7.748 r  ALU/result0_carry__0/O[3]
                         net (fo=1, routed)           0.639     8.387    ALU/data0[7]
    SLICE_X3Y13          LUT6 (Prop_lut6_I2_O)        0.307     8.694 r  ALU/leds_OBUF[7]_inst_i_3/O
                         net (fo=1, routed)           0.783     9.477    ALU/leds_OBUF[7]_inst_i_3_n_0
    SLICE_X0Y11          LUT5 (Prop_lut5_I1_O)        0.124     9.601 r  ALU/leds_OBUF[7]_inst_i_1/O
                         net (fo=1, routed)           1.922    11.524    leds_OBUF[7]
    V14                  OBUF (Prop_obuf_I_O)         3.501    15.024 r  leds_OBUF[7]_inst/O
                         net (fo=0)                   0.000    15.024    leds[7]
    V14                                                               r  leds[7] (OUT)
  -------------------------------------------------------------------    -------------------

Slack:                    inf
  Source:                 A_reg_reg[2]/C
                            (rising edge-triggered cell FDRE clocked by sys_clk_pin  {rise@0.000ns fall@5.000ns period=10.000ns})
  Destination:            leds[0]
                            (output port)
  Path Group:             (none)
  Path Type:              Max at Slow Process Corner
  Data Path Delay:        9.741ns  (logic 4.457ns (45.750%)  route 5.285ns (54.250%))
  Logic Levels:           5  (LUT3=1 LUT6=3 OBUF=1)
  Clock Uncertainty:      0.025ns  ((TSJ^2 + TIJ^2)^1/2 + DJ) / 2 + PE
    Total System Jitter     (TSJ):    0.050ns
    Total Input Jitter      (TIJ):    0.000ns
    Discrete Jitter          (DJ):    0.000ns
    Phase Error              (PE):    0.000ns

    Location             Delay type                Incr(ns)  Path(ns)    Netlist Resource(s)
  -------------------------------------------------------------------    -------------------
                         (clock sys_clk_pin rise edge)
                                                      0.000     0.000 r  
    W5                                                0.000     0.000 r  clk (IN)
                         net (fo=0)                   0.000     0.000    clk
    W5                   IBUF (Prop_ibuf_I_O)         1.458     1.458 r  clk_IBUF_inst/O
                         net (fo=1, routed)           1.967     3.425    clk_IBUF
    BUFGCTRL_X0Y0        BUFG (Prop_bufg_I_O)         0.096     3.521 r  clk_IBUF_BUFG_inst/O
                         net (fo=22, routed)          1.636     5.157    clk_IBUF_BUFG
    SLICE_X1Y10          FDRE                                         r  A_reg_reg[2]/C
  -------------------------------------------------------------------    -------------------
    SLICE_X1Y10          FDRE (Prop_fdre_C_Q)         0.456     5.613 r  A_reg_reg[2]/Q
                         net (fo=8, routed)           1.148     6.762    ALU/leds_OBUF[3]_inst_i_5_0[2]
    SLICE_X4Y12          LUT3 (Prop_lut3_I2_O)        0.124     6.886 r  ALU/leds_OBUF[0]_inst_i_7/O
                         net (fo=1, routed)           0.814     7.700    ALU/leds_OBUF[0]_inst_i_7_n_0
    SLICE_X3Y12          LUT6 (Prop_lut6_I3_O)        0.124     7.824 r  ALU/leds_OBUF[0]_inst_i_6/O
                         net (fo=1, routed)           0.638     8.462    ALU/leds_OBUF[0]_inst_i_6_n_0
    SLICE_X3Y11          LUT6 (Prop_lut6_I5_O)        0.124     8.586 r  ALU/leds_OBUF[0]_inst_i_3/O
                         net (fo=1, routed)           0.802     9.388    ALU/leds_OBUF[0]_inst_i_3_n_0
    SLICE_X2Y10          LUT6 (Prop_lut6_I2_O)        0.124     9.512 r  ALU/leds_OBUF[0]_inst_i_1/O
                         net (fo=1, routed)           1.882    11.394    leds_OBUF[0]
    U16                  OBUF (Prop_obuf_I_O)         3.505    14.899 r  leds_OBUF[0]_inst/O
                         net (fo=0)                   0.000    14.899    leds[0]
    U16                                                               r  leds[0] (OUT)
  -------------------------------------------------------------------    -------------------

Slack:                    inf
  Source:                 B_reg_reg[1]/C
                            (rising edge-triggered cell FDRE clocked by sys_clk_pin  {rise@0.000ns fall@5.000ns period=10.000ns})
  Destination:            leds[6]
                            (output port)
  Path Group:             (none)
  Path Type:              Max at Slow Process Corner
  Data Path Delay:        9.710ns  (logic 5.283ns (54.410%)  route 4.427ns (45.590%))
  Logic Levels:           6  (CARRY4=2 LUT2=1 LUT5=1 LUT6=1 OBUF=1)
  Clock Uncertainty:      0.025ns  ((TSJ^2 + TIJ^2)^1/2 + DJ) / 2 + PE
    Total System Jitter     (TSJ):    0.050ns
    Total Input Jitter      (TIJ):    0.000ns
    Discrete Jitter          (DJ):    0.000ns
    Phase Error              (PE):    0.000ns

    Location             Delay type                Incr(ns)  Path(ns)    Netlist Resource(s)
  -------------------------------------------------------------------    -------------------
                         (clock sys_clk_pin rise edge)
                                                      0.000     0.000 r  
    W5                                                0.000     0.000 r  clk (IN)
                         net (fo=0)                   0.000     0.000    clk
    W5                   IBUF (Prop_ibuf_I_O)         1.458     1.458 r  clk_IBUF_inst/O
                         net (fo=1, routed)           1.967     3.425    clk_IBUF
    BUFGCTRL_X0Y0        BUFG (Prop_bufg_I_O)         0.096     3.521 r  clk_IBUF_BUFG_inst/O
                         net (fo=22, routed)          1.634     5.155    clk_IBUF_BUFG
    SLICE_X0Y12          FDRE                                         r  B_reg_reg[1]/C
  -------------------------------------------------------------------    -------------------
    SLICE_X0Y12          FDRE (Prop_fdre_C_Q)         0.456     5.611 r  B_reg_reg[1]/Q
                         net (fo=15, routed)          1.165     6.776    ALU/Q[1]
    SLICE_X2Y12          LUT2 (Prop_lut2_I1_O)        0.124     6.900 r  ALU/result0_carry_i_3/O
                         net (fo=1, routed)           0.000     6.900    ALU/result0_carry_i_3_n_0
    SLICE_X2Y12          CARRY4 (Prop_carry4_S[1]_CO[3])
                                                      0.533     7.433 r  ALU/result0_carry/CO[3]
                         net (fo=1, routed)           0.000     7.433    ALU/result0_carry_n_0
    SLICE_X2Y13          CARRY4 (Prop_carry4_CI_O[2])
                                                      0.239     7.672 r  ALU/result0_carry__0/O[2]
                         net (fo=1, routed)           0.848     8.521    ALU/data0[6]
    SLICE_X3Y13          LUT6 (Prop_lut6_I0_O)        0.301     8.822 r  ALU/leds_OBUF[6]_inst_i_3/O
                         net (fo=1, routed)           0.295     9.117    ALU/leds_OBUF[6]_inst_i_3_n_0
    SLICE_X0Y13          LUT5 (Prop_lut5_I1_O)        0.124     9.241 r  ALU/leds_OBUF[6]_inst_i_1/O
                         net (fo=1, routed)           2.118    11.359    leds_OBUF[6]
    U14                  OBUF (Prop_obuf_I_O)         3.506    14.865 r  leds_OBUF[6]_inst/O
                         net (fo=0)                   0.000    14.865    leds[6]
    U14                                                               r  leds[6] (OUT)
  -------------------------------------------------------------------    -------------------

Slack:                    inf
  Source:                 A_reg_reg[7]/C
                            (rising edge-triggered cell FDRE clocked by sys_clk_pin  {rise@0.000ns fall@5.000ns period=10.000ns})
  Destination:            leds[2]
                            (output port)
  Path Group:             (none)
  Path Type:              Max at Slow Process Corner
  Data Path Delay:        9.616ns  (logic 4.683ns (48.699%)  route 4.933ns (51.301%))
  Logic Levels:           5  (LUT5=1 LUT6=3 OBUF=1)
  Clock Uncertainty:      0.025ns  ((TSJ^2 + TIJ^2)^1/2 + DJ) / 2 + PE
    Total System Jitter     (TSJ):    0.050ns
    Total Input Jitter      (TIJ):    0.000ns
    Discrete Jitter          (DJ):    0.000ns
    Phase Error              (PE):    0.000ns

    Location             Delay type                Incr(ns)  Path(ns)    Netlist Resource(s)
  -------------------------------------------------------------------    -------------------
                         (clock sys_clk_pin rise edge)
                                                      0.000     0.000 r  
    W5                                                0.000     0.000 r  clk (IN)
                         net (fo=0)                   0.000     0.000    clk
    W5                   IBUF (Prop_ibuf_I_O)         1.458     1.458 r  clk_IBUF_inst/O
                         net (fo=1, routed)           1.967     3.425    clk_IBUF
    BUFGCTRL_X0Y0        BUFG (Prop_bufg_I_O)         0.096     3.521 r  clk_IBUF_BUFG_inst/O
                         net (fo=22, routed)          1.635     5.156    clk_IBUF_BUFG
    SLICE_X1Y11          FDRE                                         r  A_reg_reg[7]/C
  -------------------------------------------------------------------    -------------------
    SLICE_X1Y11          FDRE (Prop_fdre_C_Q)         0.456     5.612 r  A_reg_reg[7]/Q
                         net (fo=16, routed)          1.346     6.959    ALU/leds_OBUF[3]_inst_i_5_0[7]
    SLICE_X1Y12          LUT5 (Prop_lut5_I3_O)        0.152     7.111 r  ALU/leds_OBUF[3]_inst_i_6/O
                         net (fo=1, routed)           0.436     7.547    ALU/leds_OBUF[3]_inst_i_6_n_0
    SLICE_X1Y12          LUT6 (Prop_lut6_I3_O)        0.326     7.873 r  ALU/leds_OBUF[3]_inst_i_5/O
                         net (fo=2, routed)           0.870     8.743    ALU/leds_OBUF[3]_inst_i_5_n_0
    SLICE_X0Y12          LUT6 (Prop_lut6_I1_O)        0.124     8.867 r  ALU/leds_OBUF[2]_inst_i_4/O
                         net (fo=1, routed)           0.417     9.284    ALU/leds_OBUF[2]_inst_i_4_n_0
    SLICE_X0Y13          LUT6 (Prop_lut6_I5_O)        0.124     9.408 r  ALU/leds_OBUF[2]_inst_i_1/O
                         net (fo=1, routed)           1.863    11.271    leds_OBUF[2]
    U19                  OBUF (Prop_obuf_I_O)         3.501    14.772 r  leds_OBUF[2]_inst/O
                         net (fo=0)                   0.000    14.772    leds[2]
    U19                                                               r  leds[2] (OUT)
  -------------------------------------------------------------------    -------------------

Slack:                    inf
  Source:                 B_reg_reg[1]/C
                            (rising edge-triggered cell FDRE clocked by sys_clk_pin  {rise@0.000ns fall@5.000ns period=10.000ns})
  Destination:            leds[4]
                            (output port)
  Path Group:             (none)
  Path Type:              Max at Slow Process Corner
  Data Path Delay:        9.338ns  (logic 5.260ns (56.325%)  route 4.078ns (43.675%))
  Logic Levels:           6  (CARRY4=2 LUT2=1 LUT6=2 OBUF=1)
  Clock Uncertainty:      0.025ns  ((TSJ^2 + TIJ^2)^1/2 + DJ) / 2 + PE
    Total System Jitter     (TSJ):    0.050ns
    Total Input Jitter      (TIJ):    0.000ns
    Discrete Jitter          (DJ):    0.000ns
    Phase Error              (PE):    0.000ns

    Location             Delay type                Incr(ns)  Path(ns)    Netlist Resource(s)
  -------------------------------------------------------------------    -------------------
                         (clock sys_clk_pin rise edge)
                                                      0.000     0.000 r  
    W5                                                0.000     0.000 r  clk (IN)
                         net (fo=0)                   0.000     0.000    clk
    W5                   IBUF (Prop_ibuf_I_O)         1.458     1.458 r  clk_IBUF_inst/O
                         net (fo=1, routed)           1.967     3.425    clk_IBUF
    BUFGCTRL_X0Y0        BUFG (Prop_bufg_I_O)         0.096     3.521 r  clk_IBUF_BUFG_inst/O
                         net (fo=22, routed)          1.634     5.155    clk_IBUF_BUFG
    SLICE_X0Y12          FDRE                                         r  B_reg_reg[1]/C
  -------------------------------------------------------------------    -------------------
    SLICE_X0Y12          FDRE (Prop_fdre_C_Q)         0.456     5.611 r  B_reg_reg[1]/Q
                         net (fo=15, routed)          1.165     6.776    ALU/Q[1]
    SLICE_X2Y12          LUT2 (Prop_lut2_I1_O)        0.124     6.900 r  ALU/result0_carry_i_3/O
                         net (fo=1, routed)           0.000     6.900    ALU/result0_carry_i_3_n_0
    SLICE_X2Y12          CARRY4 (Prop_carry4_S[1]_CO[3])
                                                      0.533     7.433 r  ALU/result0_carry/CO[3]
                         net (fo=1, routed)           0.000     7.433    ALU/result0_carry_n_0
    SLICE_X2Y13          CARRY4 (Prop_carry4_CI_O[0])
                                                      0.219     7.652 r  ALU/result0_carry__0/O[0]
                         net (fo=1, routed)           0.625     8.278    ALU/data0[4]
    SLICE_X3Y13          LUT6 (Prop_lut6_I0_O)        0.295     8.573 r  ALU/leds_OBUF[4]_inst_i_3/O
                         net (fo=1, routed)           0.564     9.137    ALU/leds_OBUF[4]_inst_i_3_n_0
    SLICE_X1Y13          LUT6 (Prop_lut6_I1_O)        0.124     9.261 r  ALU/leds_OBUF[4]_inst_i_1/O
                         net (fo=1, routed)           1.723    10.985    leds_OBUF[4]
    W18                  OBUF (Prop_obuf_I_O)         3.509    14.493 r  leds_OBUF[4]_inst/O
                         net (fo=0)                   0.000    14.493    leds[4]
    W18                                                               r  leds[4] (OUT)
  -------------------------------------------------------------------    -------------------





Min Delay Paths
--------------------------------------------------------------------------------------
Slack:                    inf
  Source:                 OP_reg_reg[5]/C
                            (rising edge-triggered cell FDRE clocked by sys_clk_pin  {rise@0.000ns fall@5.000ns period=10.000ns})
  Destination:            leds[4]
                            (output port)
  Path Group:             (none)
  Path Type:              Min at Fast Process Corner
  Data Path Delay:        2.025ns  (logic 1.436ns (70.909%)  route 0.589ns (29.091%))
  Logic Levels:           2  (LUT6=1 OBUF=1)
  Clock Uncertainty:      0.025ns  ((TSJ^2 + TIJ^2)^1/2 + DJ) / 2 + PE
    Total System Jitter     (TSJ):    0.050ns
    Total Input Jitter      (TIJ):    0.000ns
    Discrete Jitter          (DJ):    0.000ns
    Phase Error              (PE):    0.000ns

    Location             Delay type                Incr(ns)  Path(ns)    Netlist Resource(s)
  -------------------------------------------------------------------    -------------------
                         (clock sys_clk_pin rise edge)
                                                      0.000     0.000 r  
    W5                                                0.000     0.000 r  clk (IN)
                         net (fo=0)                   0.000     0.000    clk
    W5                   IBUF (Prop_ibuf_I_O)         0.226     0.226 r  clk_IBUF_inst/O
                         net (fo=1, routed)           0.631     0.858    clk_IBUF
    BUFGCTRL_X0Y0        BUFG (Prop_bufg_I_O)         0.026     0.884 r  clk_IBUF_BUFG_inst/O
                         net (fo=22, routed)          0.592     1.475    clk_IBUF_BUFG
    SLICE_X1Y12          FDRE                                         r  OP_reg_reg[5]/C
  -------------------------------------------------------------------    -------------------
    SLICE_X1Y12          FDRE (Prop_fdre_C_Q)         0.128     1.603 r  OP_reg_reg[5]/Q
                         net (fo=6, routed)           0.239     1.842    ALU/leds[2][5]
    SLICE_X1Y13          LUT6 (Prop_lut6_I4_O)        0.098     1.940 r  ALU/leds_OBUF[4]_inst_i_1/O
                         net (fo=1, routed)           0.350     2.290    leds_OBUF[4]
    W18                  OBUF (Prop_obuf_I_O)         1.210     3.500 r  leds_OBUF[4]_inst/O
                         net (fo=0)                   0.000     3.500    leds[4]
    W18                                                               r  leds[4] (OUT)
  -------------------------------------------------------------------    -------------------

Slack:                    inf
  Source:                 OP_reg_reg[0]/C
                            (rising edge-triggered cell FDRE clocked by sys_clk_pin  {rise@0.000ns fall@5.000ns period=10.000ns})
  Destination:            leds[7]
                            (output port)
  Path Group:             (none)
  Path Type:              Min at Fast Process Corner
  Data Path Delay:        2.109ns  (logic 1.433ns (67.953%)  route 0.676ns (32.047%))
  Logic Levels:           3  (LUT5=1 LUT6=1 OBUF=1)
  Clock Uncertainty:      0.025ns  ((TSJ^2 + TIJ^2)^1/2 + DJ) / 2 + PE
    Total System Jitter     (TSJ):    0.050ns
    Total Input Jitter      (TIJ):    0.000ns
    Discrete Jitter          (DJ):    0.000ns
    Phase Error              (PE):    0.000ns

    Location             Delay type                Incr(ns)  Path(ns)    Netlist Resource(s)
  -------------------------------------------------------------------    -------------------
                         (clock sys_clk_pin rise edge)
                                                      0.000     0.000 r  
    W5                                                0.000     0.000 r  clk (IN)
                         net (fo=0)                   0.000     0.000    clk
    W5                   IBUF (Prop_ibuf_I_O)         0.226     0.226 r  clk_IBUF_inst/O
                         net (fo=1, routed)           0.631     0.858    clk_IBUF
    BUFGCTRL_X0Y0        BUFG (Prop_bufg_I_O)         0.026     0.884 r  clk_IBUF_BUFG_inst/O
                         net (fo=22, routed)          0.592     1.475    clk_IBUF_BUFG
    SLICE_X1Y12          FDRE                                         r  OP_reg_reg[0]/C
  -------------------------------------------------------------------    -------------------
    SLICE_X1Y12          FDRE (Prop_fdre_C_Q)         0.141     1.616 r  OP_reg_reg[0]/Q
                         net (fo=25, routed)          0.169     1.785    ALU/leds[2][0]
    SLICE_X0Y11          LUT6 (Prop_lut6_I3_O)        0.045     1.830 r  ALU/leds_OBUF[7]_inst_i_4/O
                         net (fo=1, routed)           0.059     1.889    ALU/leds_OBUF[7]_inst_i_4_n_0
    SLICE_X0Y11          LUT5 (Prop_lut5_I2_O)        0.045     1.934 r  ALU/leds_OBUF[7]_inst_i_1/O
                         net (fo=1, routed)           0.447     2.382    leds_OBUF[7]
    V14                  OBUF (Prop_obuf_I_O)         1.202     3.584 r  leds_OBUF[7]_inst/O
                         net (fo=0)                   0.000     3.584    leds[7]
    V14                                                               r  leds[7] (OUT)
  -------------------------------------------------------------------    -------------------

Slack:                    inf
  Source:                 OP_reg_reg[3]/C
                            (rising edge-triggered cell FDRE clocked by sys_clk_pin  {rise@0.000ns fall@5.000ns period=10.000ns})
  Destination:            leds[3]
                            (output port)
  Path Group:             (none)
  Path Type:              Min at Fast Process Corner
  Data Path Delay:        2.114ns  (logic 1.396ns (66.046%)  route 0.718ns (33.954%))
  Logic Levels:           2  (LUT6=1 OBUF=1)
  Clock Uncertainty:      0.025ns  ((TSJ^2 + TIJ^2)^1/2 + DJ) / 2 + PE
    Total System Jitter     (TSJ):    0.050ns
    Total Input Jitter      (TIJ):    0.000ns
    Discrete Jitter          (DJ):    0.000ns
    Phase Error              (PE):    0.000ns

    Location             Delay type                Incr(ns)  Path(ns)    Netlist Resource(s)
  -------------------------------------------------------------------    -------------------
                         (clock sys_clk_pin rise edge)
                                                      0.000     0.000 r  
    W5                                                0.000     0.000 r  clk (IN)
                         net (fo=0)                   0.000     0.000    clk
    W5                   IBUF (Prop_ibuf_I_O)         0.226     0.226 r  clk_IBUF_inst/O
                         net (fo=1, routed)           0.631     0.858    clk_IBUF
    BUFGCTRL_X0Y0        BUFG (Prop_bufg_I_O)         0.026     0.884 r  clk_IBUF_BUFG_inst/O
                         net (fo=22, routed)          0.592     1.475    clk_IBUF_BUFG
    SLICE_X1Y12          FDRE                                         r  OP_reg_reg[3]/C
  -------------------------------------------------------------------    -------------------
    SLICE_X1Y12          FDRE (Prop_fdre_C_Q)         0.141     1.616 f  OP_reg_reg[3]/Q
                         net (fo=6, routed)           0.353     1.969    ALU/leds[2][3]
    SLICE_X0Y13          LUT6 (Prop_lut6_I3_O)        0.045     2.014 r  ALU/leds_OBUF[3]_inst_i_1/O
                         net (fo=1, routed)           0.365     2.379    leds_OBUF[3]
    V19                  OBUF (Prop_obuf_I_O)         1.210     3.589 r  leds_OBUF[3]_inst/O
                         net (fo=0)                   0.000     3.589    leds[3]
    V19                                                               r  leds[3] (OUT)
  -------------------------------------------------------------------    -------------------

Slack:                    inf
  Source:                 A_reg_reg[0]/C
                            (rising edge-triggered cell FDRE clocked by sys_clk_pin  {rise@0.000ns fall@5.000ns period=10.000ns})
  Destination:            leds[0]
                            (output port)
  Path Group:             (none)
  Path Type:              Min at Fast Process Corner
  Data Path Delay:        2.121ns  (logic 1.437ns (67.758%)  route 0.684ns (32.242%))
  Logic Levels:           3  (LUT6=2 OBUF=1)
  Clock Uncertainty:      0.025ns  ((TSJ^2 + TIJ^2)^1/2 + DJ) / 2 + PE
    Total System Jitter     (TSJ):    0.050ns
    Total Input Jitter      (TIJ):    0.000ns
    Discrete Jitter          (DJ):    0.000ns
    Phase Error              (PE):    0.000ns

    Location             Delay type                Incr(ns)  Path(ns)    Netlist Resource(s)
  -------------------------------------------------------------------    -------------------
                         (clock sys_clk_pin rise edge)
                                                      0.000     0.000 r  
    W5                                                0.000     0.000 r  clk (IN)
                         net (fo=0)                   0.000     0.000    clk
    W5                   IBUF (Prop_ibuf_I_O)         0.226     0.226 r  clk_IBUF_inst/O
                         net (fo=1, routed)           0.631     0.858    clk_IBUF
    BUFGCTRL_X0Y0        BUFG (Prop_bufg_I_O)         0.026     0.884 r  clk_IBUF_BUFG_inst/O
                         net (fo=22, routed)          0.593     1.476    clk_IBUF_BUFG
    SLICE_X1Y10          FDRE                                         r  A_reg_reg[0]/C
  -------------------------------------------------------------------    -------------------
    SLICE_X1Y10          FDRE (Prop_fdre_C_Q)         0.141     1.617 r  A_reg_reg[0]/Q
                         net (fo=7, routed)           0.132     1.749    ALU/leds_OBUF[3]_inst_i_5_0[0]
    SLICE_X2Y10          LUT6 (Prop_lut6_I1_O)        0.045     1.794 r  ALU/leds_OBUF[0]_inst_i_4/O
                         net (fo=1, routed)           0.140     1.934    ALU/leds_OBUF[0]_inst_i_4_n_0
    SLICE_X2Y10          LUT6 (Prop_lut6_I3_O)        0.045     1.979 r  ALU/leds_OBUF[0]_inst_i_1/O
                         net (fo=1, routed)           0.412     2.391    leds_OBUF[0]
    U16                  OBUF (Prop_obuf_I_O)         1.206     3.597 r  leds_OBUF[0]_inst/O
                         net (fo=0)                   0.000     3.597    leds[0]
    U16                                                               r  leds[0] (OUT)
  -------------------------------------------------------------------    -------------------

Slack:                    inf
  Source:                 OP_reg_reg[5]/C
                            (rising edge-triggered cell FDRE clocked by sys_clk_pin  {rise@0.000ns fall@5.000ns period=10.000ns})
  Destination:            leds[5]
                            (output port)
  Path Group:             (none)
  Path Type:              Min at Fast Process Corner
  Data Path Delay:        2.133ns  (logic 1.442ns (67.589%)  route 0.691ns (32.411%))
  Logic Levels:           2  (LUT6=1 OBUF=1)
  Clock Uncertainty:      0.025ns  ((TSJ^2 + TIJ^2)^1/2 + DJ) / 2 + PE
    Total System Jitter     (TSJ):    0.050ns
    Total Input Jitter      (TIJ):    0.000ns
    Discrete Jitter          (DJ):    0.000ns
    Phase Error              (PE):    0.000ns

    Location             Delay type                Incr(ns)  Path(ns)    Netlist Resource(s)
  -------------------------------------------------------------------    -------------------
                         (clock sys_clk_pin rise edge)
                                                      0.000     0.000 r  
    W5                                                0.000     0.000 r  clk (IN)
                         net (fo=0)                   0.000     0.000    clk
    W5                   IBUF (Prop_ibuf_I_O)         0.226     0.226 r  clk_IBUF_inst/O
                         net (fo=1, routed)           0.631     0.858    clk_IBUF
    BUFGCTRL_X0Y0        BUFG (Prop_bufg_I_O)         0.026     0.884 r  clk_IBUF_BUFG_inst/O
                         net (fo=22, routed)          0.592     1.475    clk_IBUF_BUFG
    SLICE_X1Y12          FDRE                                         r  OP_reg_reg[5]/C
  -------------------------------------------------------------------    -------------------
    SLICE_X1Y12          FDRE (Prop_fdre_C_Q)         0.128     1.603 r  OP_reg_reg[5]/Q
                         net (fo=6, routed)           0.205     1.808    ALU/leds[2][5]
    SLICE_X1Y13          LUT6 (Prop_lut6_I4_O)        0.098     1.906 r  ALU/leds_OBUF[5]_inst_i_1/O
                         net (fo=1, routed)           0.487     2.392    leds_OBUF[5]
    U15                  OBUF (Prop_obuf_I_O)         1.216     3.608 r  leds_OBUF[5]_inst/O
                         net (fo=0)                   0.000     3.608    leds[5]
    U15                                                               r  leds[5] (OUT)
  -------------------------------------------------------------------    -------------------

Slack:                    inf
  Source:                 OP_reg_reg[3]/C
                            (rising edge-triggered cell FDRE clocked by sys_clk_pin  {rise@0.000ns fall@5.000ns period=10.000ns})
  Destination:            leds[2]
                            (output port)
  Path Group:             (none)
  Path Type:              Min at Fast Process Corner
  Data Path Delay:        2.143ns  (logic 1.388ns (64.776%)  route 0.755ns (35.224%))
  Logic Levels:           2  (LUT6=1 OBUF=1)
  Clock Uncertainty:      0.025ns  ((TSJ^2 + TIJ^2)^1/2 + DJ) / 2 + PE
    Total System Jitter     (TSJ):    0.050ns
    Total Input Jitter      (TIJ):    0.000ns
    Discrete Jitter          (DJ):    0.000ns
    Phase Error              (PE):    0.000ns

    Location             Delay type                Incr(ns)  Path(ns)    Netlist Resource(s)
  -------------------------------------------------------------------    -------------------
                         (clock sys_clk_pin rise edge)
                                                      0.000     0.000 r  
    W5                                                0.000     0.000 r  clk (IN)
                         net (fo=0)                   0.000     0.000    clk
    W5                   IBUF (Prop_ibuf_I_O)         0.226     0.226 r  clk_IBUF_inst/O
                         net (fo=1, routed)           0.631     0.858    clk_IBUF
    BUFGCTRL_X0Y0        BUFG (Prop_bufg_I_O)         0.026     0.884 r  clk_IBUF_BUFG_inst/O
                         net (fo=22, routed)          0.592     1.475    clk_IBUF_BUFG
    SLICE_X1Y12          FDRE                                         r  OP_reg_reg[3]/C
  -------------------------------------------------------------------    -------------------
    SLICE_X1Y12          FDRE (Prop_fdre_C_Q)         0.141     1.616 f  OP_reg_reg[3]/Q
                         net (fo=6, routed)           0.354     1.970    ALU/leds[2][3]
    SLICE_X0Y13          LUT6 (Prop_lut6_I3_O)        0.045     2.015 r  ALU/leds_OBUF[2]_inst_i_1/O
                         net (fo=1, routed)           0.401     2.416    leds_OBUF[2]
    U19                  OBUF (Prop_obuf_I_O)         1.202     3.618 r  leds_OBUF[2]_inst/O
                         net (fo=0)                   0.000     3.618    leds[2]
    U19                                                               r  leds[2] (OUT)
  -------------------------------------------------------------------    -------------------

Slack:                    inf
  Source:                 OP_reg_reg[2]/C
                            (rising edge-triggered cell FDRE clocked by sys_clk_pin  {rise@0.000ns fall@5.000ns period=10.000ns})
  Destination:            leds[6]
                            (output port)
  Path Group:             (none)
  Path Type:              Min at Fast Process Corner
  Data Path Delay:        2.308ns  (logic 1.438ns (62.324%)  route 0.869ns (37.676%))
  Logic Levels:           3  (LUT5=1 LUT6=1 OBUF=1)
  Clock Uncertainty:      0.025ns  ((TSJ^2 + TIJ^2)^1/2 + DJ) / 2 + PE
    Total System Jitter     (TSJ):    0.050ns
    Total Input Jitter      (TIJ):    0.000ns
    Discrete Jitter          (DJ):    0.000ns
    Phase Error              (PE):    0.000ns

    Location             Delay type                Incr(ns)  Path(ns)    Netlist Resource(s)
  -------------------------------------------------------------------    -------------------
                         (clock sys_clk_pin rise edge)
                                                      0.000     0.000 r  
    W5                                                0.000     0.000 r  clk (IN)
                         net (fo=0)                   0.000     0.000    clk
    W5                   IBUF (Prop_ibuf_I_O)         0.226     0.226 r  clk_IBUF_inst/O
                         net (fo=1, routed)           0.631     0.858    clk_IBUF
    BUFGCTRL_X0Y0        BUFG (Prop_bufg_I_O)         0.026     0.884 r  clk_IBUF_BUFG_inst/O
                         net (fo=22, routed)          0.592     1.475    clk_IBUF_BUFG
    SLICE_X1Y12          FDRE                                         r  OP_reg_reg[2]/C
  -------------------------------------------------------------------    -------------------
    SLICE_X1Y12          FDRE (Prop_fdre_C_Q)         0.141     1.616 r  OP_reg_reg[2]/Q
                         net (fo=28, routed)          0.240     1.856    ALU/leds[2][2]
    SLICE_X3Y13          LUT6 (Prop_lut6_I1_O)        0.045     1.901 r  ALU/leds_OBUF[6]_inst_i_3/O
                         net (fo=1, routed)           0.104     2.005    ALU/leds_OBUF[6]_inst_i_3_n_0
    SLICE_X0Y13          LUT5 (Prop_lut5_I1_O)        0.045     2.050 r  ALU/leds_OBUF[6]_inst_i_1/O
                         net (fo=1, routed)           0.525     2.576    leds_OBUF[6]
    U14                  OBUF (Prop_obuf_I_O)         1.207     3.783 r  leds_OBUF[6]_inst/O
                         net (fo=0)                   0.000     3.783    leds[6]
    U14                                                               r  leds[6] (OUT)
  -------------------------------------------------------------------    -------------------

Slack:                    inf
  Source:                 B_reg_reg[0]/C
                            (rising edge-triggered cell FDRE clocked by sys_clk_pin  {rise@0.000ns fall@5.000ns period=10.000ns})
  Destination:            leds[1]
                            (output port)
  Path Group:             (none)
  Path Type:              Min at Fast Process Corner
  Data Path Delay:        2.649ns  (logic 1.462ns (55.173%)  route 1.188ns (44.827%))
  Logic Levels:           3  (LUT5=1 LUT6=1 OBUF=1)
  Clock Uncertainty:      0.025ns  ((TSJ^2 + TIJ^2)^1/2 + DJ) / 2 + PE
    Total System Jitter     (TSJ):    0.050ns
    Total Input Jitter      (TIJ):    0.000ns
    Discrete Jitter          (DJ):    0.000ns
    Phase Error              (PE):    0.000ns

    Location             Delay type                Incr(ns)  Path(ns)    Netlist Resource(s)
  -------------------------------------------------------------------    -------------------
                         (clock sys_clk_pin rise edge)
                                                      0.000     0.000 r  
    W5                                                0.000     0.000 r  clk (IN)
                         net (fo=0)                   0.000     0.000    clk
    W5                   IBUF (Prop_ibuf_I_O)         0.226     0.226 r  clk_IBUF_inst/O
                         net (fo=1, routed)           0.631     0.858    clk_IBUF
    BUFGCTRL_X0Y0        BUFG (Prop_bufg_I_O)         0.026     0.884 r  clk_IBUF_BUFG_inst/O
                         net (fo=22, routed)          0.592     1.475    clk_IBUF_BUFG
    SLICE_X0Y12          FDRE                                         r  B_reg_reg[0]/C
  -------------------------------------------------------------------    -------------------
    SLICE_X0Y12          FDRE (Prop_fdre_C_Q)         0.141     1.616 r  B_reg_reg[0]/Q
                         net (fo=13, routed)          0.208     1.824    ALU/Q[0]
    SLICE_X2Y11          LUT6 (Prop_lut6_I4_O)        0.045     1.869 r  ALU/leds_OBUF[1]_inst_i_4/O
                         net (fo=1, routed)           0.108     1.978    ALU/leds_OBUF[1]_inst_i_4_n_0
    SLICE_X2Y10          LUT5 (Prop_lut5_I3_O)        0.045     2.023 r  ALU/leds_OBUF[1]_inst_i_1/O
                         net (fo=1, routed)           0.871     2.894    leds_OBUF[1]
    E19                  OBUF (Prop_obuf_I_O)         1.231     4.124 r  leds_OBUF[1]_inst/O
                         net (fo=0)                   0.000     4.124    leds[1]
    E19                                                               r  leds[1] (OUT)
  -------------------------------------------------------------------    -------------------





--------------------------------------------------------------------------------------
Path Group:  (none)
From Clock:  
  To Clock:  sys_clk_pin

Max Delay            66 Endpoints
Min Delay            66 Endpoints
--------------------------------------------------------------------------------------


Max Delay Paths
--------------------------------------------------------------------------------------
Slack:                    inf
  Source:                 switches[3]
                            (input port)
  Destination:            B_reg_reg[3]/D
                            (rising edge-triggered cell FDRE clocked by sys_clk_pin  {rise@0.000ns fall@5.000ns period=10.000ns})
  Path Group:             (none)
  Path Type:              Setup (Max at Slow Process Corner)
  Data Path Delay:        3.177ns  (logic 1.448ns (45.592%)  route 1.729ns (54.408%))
  Logic Levels:           1  (IBUF=1)
  Clock Path Skew:        4.856ns (DCD - SCD + CPR)
    Destination Clock Delay (DCD):    4.856ns
    Source Clock Delay      (SCD):    0.000ns
    Clock Pessimism Removal (CPR):    0.000ns
  Clock Uncertainty:      0.025ns  ((TSJ^2 + TIJ^2)^1/2 + DJ) / 2 + PE
    Total System Jitter     (TSJ):    0.050ns
    Total Input Jitter      (TIJ):    0.000ns
    Discrete Jitter          (DJ):    0.000ns
    Phase Error              (PE):    0.000ns

    Location             Delay type                Incr(ns)  Path(ns)    Netlist Resource(s)
  -------------------------------------------------------------------    -------------------
    W17                                               0.000     0.000 r  switches[3] (IN)
                         net (fo=0)                   0.000     0.000    switches[3]
    W17                  IBUF (Prop_ibuf_I_O)         1.448     1.448 r  switches_IBUF[3]_inst/O
                         net (fo=3, routed)           1.729     3.177    switches_IBUF[3]
    SLICE_X2Y12          FDRE                                         r  B_reg_reg[3]/D
  -------------------------------------------------------------------    -------------------

                         (clock sys_clk_pin rise edge)
                                                      0.000     0.000 r  
    W5                                                0.000     0.000 r  clk (IN)
                         net (fo=0)                   0.000     0.000    clk
    W5                   IBUF (Prop_ibuf_I_O)         1.388     1.388 r  clk_IBUF_inst/O
                         net (fo=1, routed)           1.862     3.250    clk_IBUF
    BUFGCTRL_X0Y0        BUFG (Prop_bufg_I_O)         0.091     3.341 r  clk_IBUF_BUFG_inst/O
                         net (fo=22, routed)          1.515     4.856    clk_IBUF_BUFG
    SLICE_X2Y12          FDRE                                         r  B_reg_reg[3]/C

Slack:                    inf
  Source:                 reset
                            (input port)
  Destination:            B_reg_reg[2]/R
                            (rising edge-triggered cell FDRE clocked by sys_clk_pin  {rise@0.000ns fall@5.000ns period=10.000ns})
  Path Group:             (none)
  Path Type:              Setup (Max at Slow Process Corner)
  Data Path Delay:        3.091ns  (logic 1.441ns (46.630%)  route 1.650ns (53.370%))
  Logic Levels:           1  (IBUF=1)
  Clock Path Skew:        4.856ns (DCD - SCD + CPR)
    Destination Clock Delay (DCD):    4.856ns
    Source Clock Delay      (SCD):    0.000ns
    Clock Pessimism Removal (CPR):    0.000ns
  Clock Uncertainty:      0.025ns  ((TSJ^2 + TIJ^2)^1/2 + DJ) / 2 + PE
    Total System Jitter     (TSJ):    0.050ns
    Total Input Jitter      (TIJ):    0.000ns
    Discrete Jitter          (DJ):    0.000ns
    Phase Error              (PE):    0.000ns

    Location             Delay type                Incr(ns)  Path(ns)    Netlist Resource(s)
  -------------------------------------------------------------------    -------------------
    U18                                               0.000     0.000 r  reset (IN)
                         net (fo=0)                   0.000     0.000    reset
    U18                  IBUF (Prop_ibuf_I_O)         1.441     1.441 r  reset_IBUF_inst/O
                         net (fo=22, routed)          1.650     3.091    reset_IBUF
    SLICE_X2Y12          FDRE                                         r  B_reg_reg[2]/R
  -------------------------------------------------------------------    -------------------

                         (clock sys_clk_pin rise edge)
                                                      0.000     0.000 r  
    W5                                                0.000     0.000 r  clk (IN)
                         net (fo=0)                   0.000     0.000    clk
    W5                   IBUF (Prop_ibuf_I_O)         1.388     1.388 r  clk_IBUF_inst/O
                         net (fo=1, routed)           1.862     3.250    clk_IBUF
    BUFGCTRL_X0Y0        BUFG (Prop_bufg_I_O)         0.091     3.341 r  clk_IBUF_BUFG_inst/O
                         net (fo=22, routed)          1.515     4.856    clk_IBUF_BUFG
    SLICE_X2Y12          FDRE                                         r  B_reg_reg[2]/C

Slack:                    inf
  Source:                 reset
                            (input port)
  Destination:            B_reg_reg[3]/R
                            (rising edge-triggered cell FDRE clocked by sys_clk_pin  {rise@0.000ns fall@5.000ns period=10.000ns})
  Path Group:             (none)
  Path Type:              Setup (Max at Slow Process Corner)
  Data Path Delay:        3.091ns  (logic 1.441ns (46.630%)  route 1.650ns (53.370%))
  Logic Levels:           1  (IBUF=1)
  Clock Path Skew:        4.856ns (DCD - SCD + CPR)
    Destination Clock Delay (DCD):    4.856ns
    Source Clock Delay      (SCD):    0.000ns
    Clock Pessimism Removal (CPR):    0.000ns
  Clock Uncertainty:      0.025ns  ((TSJ^2 + TIJ^2)^1/2 + DJ) / 2 + PE
    Total System Jitter     (TSJ):    0.050ns
    Total Input Jitter      (TIJ):    0.000ns
    Discrete Jitter          (DJ):    0.000ns
    Phase Error              (PE):    0.000ns

    Location             Delay type                Incr(ns)  Path(ns)    Netlist Resource(s)
  -------------------------------------------------------------------    -------------------
    U18                                               0.000     0.000 r  reset (IN)
                         net (fo=0)                   0.000     0.000    reset
    U18                  IBUF (Prop_ibuf_I_O)         1.441     1.441 r  reset_IBUF_inst/O
                         net (fo=22, routed)          1.650     3.091    reset_IBUF
    SLICE_X2Y12          FDRE                                         r  B_reg_reg[3]/R
  -------------------------------------------------------------------    -------------------

                         (clock sys_clk_pin rise edge)
                                                      0.000     0.000 r  
    W5                                                0.000     0.000 r  clk (IN)
                         net (fo=0)                   0.000     0.000    clk
    W5                   IBUF (Prop_ibuf_I_O)         1.388     1.388 r  clk_IBUF_inst/O
                         net (fo=1, routed)           1.862     3.250    clk_IBUF
    BUFGCTRL_X0Y0        BUFG (Prop_bufg_I_O)         0.091     3.341 r  clk_IBUF_BUFG_inst/O
                         net (fo=22, routed)          1.515     4.856    clk_IBUF_BUFG
    SLICE_X2Y12          FDRE                                         r  B_reg_reg[3]/C

Slack:                    inf
  Source:                 switches[4]
                            (input port)
  Destination:            B_reg_reg[4]/D
                            (rising edge-triggered cell FDRE clocked by sys_clk_pin  {rise@0.000ns fall@5.000ns period=10.000ns})
  Path Group:             (none)
  Path Type:              Setup (Max at Slow Process Corner)
  Data Path Delay:        2.920ns  (logic 1.451ns (49.684%)  route 1.469ns (50.316%))
  Logic Levels:           1  (IBUF=1)
  Clock Path Skew:        4.856ns (DCD - SCD + CPR)
    Destination Clock Delay (DCD):    4.856ns
    Source Clock Delay      (SCD):    0.000ns
    Clock Pessimism Removal (CPR):    0.000ns
  Clock Uncertainty:      0.025ns  ((TSJ^2 + TIJ^2)^1/2 + DJ) / 2 + PE
    Total System Jitter     (TSJ):    0.050ns
    Total Input Jitter      (TIJ):    0.000ns
    Discrete Jitter          (DJ):    0.000ns
    Phase Error              (PE):    0.000ns

    Location             Delay type                Incr(ns)  Path(ns)    Netlist Resource(s)
  -------------------------------------------------------------------    -------------------
    W15                                               0.000     0.000 r  switches[4] (IN)
                         net (fo=0)                   0.000     0.000    switches[4]
    W15                  IBUF (Prop_ibuf_I_O)         1.451     1.451 r  switches_IBUF[4]_inst/O
                         net (fo=3, routed)           1.469     2.920    switches_IBUF[4]
    SLICE_X0Y12          FDRE                                         r  B_reg_reg[4]/D
  -------------------------------------------------------------------    -------------------

                         (clock sys_clk_pin rise edge)
                                                      0.000     0.000 r  
    W5                                                0.000     0.000 r  clk (IN)
                         net (fo=0)                   0.000     0.000    clk
    W5                   IBUF (Prop_ibuf_I_O)         1.388     1.388 r  clk_IBUF_inst/O
                         net (fo=1, routed)           1.862     3.250    clk_IBUF
    BUFGCTRL_X0Y0        BUFG (Prop_bufg_I_O)         0.091     3.341 r  clk_IBUF_BUFG_inst/O
                         net (fo=22, routed)          1.515     4.856    clk_IBUF_BUFG
    SLICE_X0Y12          FDRE                                         r  B_reg_reg[4]/C

Slack:                    inf
  Source:                 buttons[1]
                            (input port)
  Destination:            B_reg_reg[2]/CE
                            (rising edge-triggered cell FDRE clocked by sys_clk_pin  {rise@0.000ns fall@5.000ns period=10.000ns})
  Path Group:             (none)
  Path Type:              Setup (Max at Slow Process Corner)
  Data Path Delay:        2.906ns  (logic 1.454ns (50.025%)  route 1.452ns (49.975%))
  Logic Levels:           1  (IBUF=1)
  Clock Path Skew:        4.856ns (DCD - SCD + CPR)
    Destination Clock Delay (DCD):    4.856ns
    Source Clock Delay      (SCD):    0.000ns
    Clock Pessimism Removal (CPR):    0.000ns
  Clock Uncertainty:      0.025ns  ((TSJ^2 + TIJ^2)^1/2 + DJ) / 2 + PE
    Total System Jitter     (TSJ):    0.050ns
    Total Input Jitter      (TIJ):    0.000ns
    Discrete Jitter          (DJ):    0.000ns
    Phase Error              (PE):    0.000ns

    Location             Delay type                Incr(ns)  Path(ns)    Netlist Resource(s)
  -------------------------------------------------------------------    -------------------
    T18                                               0.000     0.000 r  buttons[1] (IN)
                         net (fo=0)                   0.000     0.000    buttons[1]
    T18                  IBUF (Prop_ibuf_I_O)         1.454     1.454 r  buttons_IBUF[1]_inst/O
                         net (fo=8, routed)           1.452     2.906    buttons_IBUF[1]
    SLICE_X2Y12          FDRE                                         r  B_reg_reg[2]/CE
  -------------------------------------------------------------------    -------------------

                         (clock sys_clk_pin rise edge)
                                                      0.000     0.000 r  
    W5                                                0.000     0.000 r  clk (IN)
                         net (fo=0)                   0.000     0.000    clk
    W5                   IBUF (Prop_ibuf_I_O)         1.388     1.388 r  clk_IBUF_inst/O
                         net (fo=1, routed)           1.862     3.250    clk_IBUF
    BUFGCTRL_X0Y0        BUFG (Prop_bufg_I_O)         0.091     3.341 r  clk_IBUF_BUFG_inst/O
                         net (fo=22, routed)          1.515     4.856    clk_IBUF_BUFG
    SLICE_X2Y12          FDRE                                         r  B_reg_reg[2]/C

Slack:                    inf
  Source:                 buttons[1]
                            (input port)
  Destination:            B_reg_reg[3]/CE
                            (rising edge-triggered cell FDRE clocked by sys_clk_pin  {rise@0.000ns fall@5.000ns period=10.000ns})
  Path Group:             (none)
  Path Type:              Setup (Max at Slow Process Corner)
  Data Path Delay:        2.906ns  (logic 1.454ns (50.025%)  route 1.452ns (49.975%))
  Logic Levels:           1  (IBUF=1)
  Clock Path Skew:        4.856ns (DCD - SCD + CPR)
    Destination Clock Delay (DCD):    4.856ns
    Source Clock Delay      (SCD):    0.000ns
    Clock Pessimism Removal (CPR):    0.000ns
  Clock Uncertainty:      0.025ns  ((TSJ^2 + TIJ^2)^1/2 + DJ) / 2 + PE
    Total System Jitter     (TSJ):    0.050ns
    Total Input Jitter      (TIJ):    0.000ns
    Discrete Jitter          (DJ):    0.000ns
    Phase Error              (PE):    0.000ns

    Location             Delay type                Incr(ns)  Path(ns)    Netlist Resource(s)
  -------------------------------------------------------------------    -------------------
    T18                                               0.000     0.000 r  buttons[1] (IN)
                         net (fo=0)                   0.000     0.000    buttons[1]
    T18                  IBUF (Prop_ibuf_I_O)         1.454     1.454 r  buttons_IBUF[1]_inst/O
                         net (fo=8, routed)           1.452     2.906    buttons_IBUF[1]
    SLICE_X2Y12          FDRE                                         r  B_reg_reg[3]/CE
  -------------------------------------------------------------------    -------------------

                         (clock sys_clk_pin rise edge)
                                                      0.000     0.000 r  
    W5                                                0.000     0.000 r  clk (IN)
                         net (fo=0)                   0.000     0.000    clk
    W5                   IBUF (Prop_ibuf_I_O)         1.388     1.388 r  clk_IBUF_inst/O
                         net (fo=1, routed)           1.862     3.250    clk_IBUF
    BUFGCTRL_X0Y0        BUFG (Prop_bufg_I_O)         0.091     3.341 r  clk_IBUF_BUFG_inst/O
                         net (fo=22, routed)          1.515     4.856    clk_IBUF_BUFG
    SLICE_X2Y12          FDRE                                         r  B_reg_reg[3]/C

Slack:                    inf
  Source:                 switches[7]
                            (input port)
  Destination:            A_reg_reg[7]/D
                            (rising edge-triggered cell FDRE clocked by sys_clk_pin  {rise@0.000ns fall@5.000ns period=10.000ns})
  Path Group:             (none)
  Path Type:              Setup (Max at Slow Process Corner)
  Data Path Delay:        2.899ns  (logic 1.459ns (50.321%)  route 1.440ns (49.679%))
  Logic Levels:           1  (IBUF=1)
  Clock Path Skew:        4.857ns (DCD - SCD + CPR)
    Destination Clock Delay (DCD):    4.857ns
    Source Clock Delay      (SCD):    0.000ns
    Clock Pessimism Removal (CPR):    0.000ns
  Clock Uncertainty:      0.025ns  ((TSJ^2 + TIJ^2)^1/2 + DJ) / 2 + PE
    Total System Jitter     (TSJ):    0.050ns
    Total Input Jitter      (TIJ):    0.000ns
    Discrete Jitter          (DJ):    0.000ns
    Phase Error              (PE):    0.000ns

    Location             Delay type                Incr(ns)  Path(ns)    Netlist Resource(s)
  -------------------------------------------------------------------    -------------------
    W13                                               0.000     0.000 r  switches[7] (IN)
                         net (fo=0)                   0.000     0.000    switches[7]
    W13                  IBUF (Prop_ibuf_I_O)         1.459     1.459 r  switches_IBUF[7]_inst/O
                         net (fo=2, routed)           1.440     2.899    switches_IBUF[7]
    SLICE_X1Y11          FDRE                                         r  A_reg_reg[7]/D
  -------------------------------------------------------------------    -------------------

                         (clock sys_clk_pin rise edge)
                                                      0.000     0.000 r  
    W5                                                0.000     0.000 r  clk (IN)
                         net (fo=0)                   0.000     0.000    clk
    W5                   IBUF (Prop_ibuf_I_O)         1.388     1.388 r  clk_IBUF_inst/O
                         net (fo=1, routed)           1.862     3.250    clk_IBUF
    BUFGCTRL_X0Y0        BUFG (Prop_bufg_I_O)         0.091     3.341 r  clk_IBUF_BUFG_inst/O
                         net (fo=22, routed)          1.516     4.857    clk_IBUF_BUFG
    SLICE_X1Y11          FDRE                                         r  A_reg_reg[7]/C

Slack:                    inf
  Source:                 switches[4]
                            (input port)
  Destination:            A_reg_reg[4]/D
                            (rising edge-triggered cell FDRE clocked by sys_clk_pin  {rise@0.000ns fall@5.000ns period=10.000ns})
  Path Group:             (none)
  Path Type:              Setup (Max at Slow Process Corner)
  Data Path Delay:        2.877ns  (logic 1.451ns (50.433%)  route 1.426ns (49.567%))
  Logic Levels:           1  (IBUF=1)
  Clock Path Skew:        4.857ns (DCD - SCD + CPR)
    Destination Clock Delay (DCD):    4.857ns
    Source Clock Delay      (SCD):    0.000ns
    Clock Pessimism Removal (CPR):    0.000ns
  Clock Uncertainty:      0.025ns  ((TSJ^2 + TIJ^2)^1/2 + DJ) / 2 + PE
    Total System Jitter     (TSJ):    0.050ns
    Total Input Jitter      (TIJ):    0.000ns
    Discrete Jitter          (DJ):    0.000ns
    Phase Error              (PE):    0.000ns

    Location             Delay type                Incr(ns)  Path(ns)    Netlist Resource(s)
  -------------------------------------------------------------------    -------------------
    W15                                               0.000     0.000 r  switches[4] (IN)
                         net (fo=0)                   0.000     0.000    switches[4]
    W15                  IBUF (Prop_ibuf_I_O)         1.451     1.451 r  switches_IBUF[4]_inst/O
                         net (fo=3, routed)           1.426     2.877    switches_IBUF[4]
    SLICE_X1Y11          FDRE                                         r  A_reg_reg[4]/D
  -------------------------------------------------------------------    -------------------

                         (clock sys_clk_pin rise edge)
                                                      0.000     0.000 r  
    W5                                                0.000     0.000 r  clk (IN)
                         net (fo=0)                   0.000     0.000    clk
    W5                   IBUF (Prop_ibuf_I_O)         1.388     1.388 r  clk_IBUF_inst/O
                         net (fo=1, routed)           1.862     3.250    clk_IBUF
    BUFGCTRL_X0Y0        BUFG (Prop_bufg_I_O)         0.091     3.341 r  clk_IBUF_BUFG_inst/O
                         net (fo=22, routed)          1.516     4.857    clk_IBUF_BUFG
    SLICE_X1Y11          FDRE                                         r  A_reg_reg[4]/C

Slack:                    inf
  Source:                 switches[3]
                            (input port)
  Destination:            A_reg_reg[3]/D
                            (rising edge-triggered cell FDRE clocked by sys_clk_pin  {rise@0.000ns fall@5.000ns period=10.000ns})
  Path Group:             (none)
  Path Type:              Setup (Max at Slow Process Corner)
  Data Path Delay:        2.831ns  (logic 1.448ns (51.174%)  route 1.382ns (48.826%))
  Logic Levels:           1  (IBUF=1)
  Clock Path Skew:        4.858ns (DCD - SCD + CPR)
    Destination Clock Delay (DCD):    4.858ns
    Source Clock Delay      (SCD):    0.000ns
    Clock Pessimism Removal (CPR):    0.000ns
  Clock Uncertainty:      0.025ns  ((TSJ^2 + TIJ^2)^1/2 + DJ) / 2 + PE
    Total System Jitter     (TSJ):    0.050ns
    Total Input Jitter      (TIJ):    0.000ns
    Discrete Jitter          (DJ):    0.000ns
    Phase Error              (PE):    0.000ns

    Location             Delay type                Incr(ns)  Path(ns)    Netlist Resource(s)
  -------------------------------------------------------------------    -------------------
    W17                                               0.000     0.000 r  switches[3] (IN)
                         net (fo=0)                   0.000     0.000    switches[3]
    W17                  IBUF (Prop_ibuf_I_O)         1.448     1.448 r  switches_IBUF[3]_inst/O
                         net (fo=3, routed)           1.382     2.831    switches_IBUF[3]
    SLICE_X1Y10          FDRE                                         r  A_reg_reg[3]/D
  -------------------------------------------------------------------    -------------------

                         (clock sys_clk_pin rise edge)
                                                      0.000     0.000 r  
    W5                                                0.000     0.000 r  clk (IN)
                         net (fo=0)                   0.000     0.000    clk
    W5                   IBUF (Prop_ibuf_I_O)         1.388     1.388 r  clk_IBUF_inst/O
                         net (fo=1, routed)           1.862     3.250    clk_IBUF
    BUFGCTRL_X0Y0        BUFG (Prop_bufg_I_O)         0.091     3.341 r  clk_IBUF_BUFG_inst/O
                         net (fo=22, routed)          1.517     4.858    clk_IBUF_BUFG
    SLICE_X1Y10          FDRE                                         r  A_reg_reg[3]/C

Slack:                    inf
  Source:                 switches[6]
                            (input port)
  Destination:            A_reg_reg[6]/D
                            (rising edge-triggered cell FDRE clocked by sys_clk_pin  {rise@0.000ns fall@5.000ns period=10.000ns})
  Path Group:             (none)
  Path Type:              Setup (Max at Slow Process Corner)
  Data Path Delay:        2.828ns  (logic 1.450ns (51.255%)  route 1.379ns (48.745%))
  Logic Levels:           1  (IBUF=1)
  Clock Path Skew:        4.857ns (DCD - SCD + CPR)
    Destination Clock Delay (DCD):    4.857ns
    Source Clock Delay      (SCD):    0.000ns
    Clock Pessimism Removal (CPR):    0.000ns
  Clock Uncertainty:      0.025ns  ((TSJ^2 + TIJ^2)^1/2 + DJ) / 2 + PE
    Total System Jitter     (TSJ):    0.050ns
    Total Input Jitter      (TIJ):    0.000ns
    Discrete Jitter          (DJ):    0.000ns
    Phase Error              (PE):    0.000ns

    Location             Delay type                Incr(ns)  Path(ns)    Netlist Resource(s)
  -------------------------------------------------------------------    -------------------
    W14                                               0.000     0.000 r  switches[6] (IN)
                         net (fo=0)                   0.000     0.000    switches[6]
    W14                  IBUF (Prop_ibuf_I_O)         1.450     1.450 r  switches_IBUF[6]_inst/O
                         net (fo=2, routed)           1.379     2.828    switches_IBUF[6]
    SLICE_X1Y11          FDRE                                         r  A_reg_reg[6]/D
  -------------------------------------------------------------------    -------------------

                         (clock sys_clk_pin rise edge)
                                                      0.000     0.000 r  
    W5                                                0.000     0.000 r  clk (IN)
                         net (fo=0)                   0.000     0.000    clk
    W5                   IBUF (Prop_ibuf_I_O)         1.388     1.388 r  clk_IBUF_inst/O
                         net (fo=1, routed)           1.862     3.250    clk_IBUF
    BUFGCTRL_X0Y0        BUFG (Prop_bufg_I_O)         0.091     3.341 r  clk_IBUF_BUFG_inst/O
                         net (fo=22, routed)          1.516     4.857    clk_IBUF_BUFG
    SLICE_X1Y11          FDRE                                         r  A_reg_reg[6]/C





Min Delay Paths
--------------------------------------------------------------------------------------
Slack:                    inf
  Source:                 reset
                            (input port)
  Destination:            A_reg_reg[1]/R
                            (rising edge-triggered cell FDRE clocked by sys_clk_pin  {rise@0.000ns fall@5.000ns period=10.000ns})
  Path Group:             (none)
  Path Type:              Hold (Min at Fast Process Corner)
  Data Path Delay:        0.565ns  (logic 0.210ns (37.078%)  route 0.356ns (62.922%))
  Logic Levels:           1  (IBUF=1)
  Clock Path Skew:        1.988ns (DCD - SCD - CPR)
    Destination Clock Delay (DCD):    1.988ns
    Source Clock Delay      (SCD):    0.000ns
    Clock Pessimism Removal (CPR):    -0.000ns

    Location             Delay type                Incr(ns)  Path(ns)    Netlist Resource(s)
  -------------------------------------------------------------------    -------------------
    U18                                               0.000     0.000 r  reset (IN)
                         net (fo=0)                   0.000     0.000    reset
    U18                  IBUF (Prop_ibuf_I_O)         0.210     0.210 r  reset_IBUF_inst/O
                         net (fo=22, routed)          0.356     0.565    reset_IBUF
    SLICE_X1Y13          FDRE                                         r  A_reg_reg[1]/R
  -------------------------------------------------------------------    -------------------

                         (clock sys_clk_pin rise edge)
                                                      0.000     0.000 r  
    W5                                                0.000     0.000 r  clk (IN)
                         net (fo=0)                   0.000     0.000    clk
    W5                   IBUF (Prop_ibuf_I_O)         0.414     0.414 r  clk_IBUF_inst/O
                         net (fo=1, routed)           0.685     1.099    clk_IBUF
    BUFGCTRL_X0Y0        BUFG (Prop_bufg_I_O)         0.029     1.128 r  clk_IBUF_BUFG_inst/O
                         net (fo=22, routed)          0.861     1.988    clk_IBUF_BUFG
    SLICE_X1Y13          FDRE                                         r  A_reg_reg[1]/C

Slack:                    inf
  Source:                 switches[0]
                            (input port)
  Destination:            B_reg_reg[0]/D
                            (rising edge-triggered cell FDRE clocked by sys_clk_pin  {rise@0.000ns fall@5.000ns period=10.000ns})
  Path Group:             (none)
  Path Type:              Hold (Min at Fast Process Corner)
  Data Path Delay:        0.582ns  (logic 0.221ns (37.944%)  route 0.361ns (62.056%))
  Logic Levels:           1  (IBUF=1)
  Clock Path Skew:        1.989ns (DCD - SCD - CPR)
    Destination Clock Delay (DCD):    1.989ns
    Source Clock Delay      (SCD):    0.000ns
    Clock Pessimism Removal (CPR):    -0.000ns

    Location             Delay type                Incr(ns)  Path(ns)    Netlist Resource(s)
  -------------------------------------------------------------------    -------------------
    V17                                               0.000     0.000 r  switches[0] (IN)
                         net (fo=0)                   0.000     0.000    switches[0]
    V17                  IBUF (Prop_ibuf_I_O)         0.221     0.221 r  switches_IBUF[0]_inst/O
                         net (fo=3, routed)           0.361     0.582    switches_IBUF[0]
    SLICE_X0Y12          FDRE                                         r  B_reg_reg[0]/D
  -------------------------------------------------------------------    -------------------

                         (clock sys_clk_pin rise edge)
                                                      0.000     0.000 r  
    W5                                                0.000     0.000 r  clk (IN)
                         net (fo=0)                   0.000     0.000    clk
    W5                   IBUF (Prop_ibuf_I_O)         0.414     0.414 r  clk_IBUF_inst/O
                         net (fo=1, routed)           0.685     1.099    clk_IBUF
    BUFGCTRL_X0Y0        BUFG (Prop_bufg_I_O)         0.029     1.128 r  clk_IBUF_BUFG_inst/O
                         net (fo=22, routed)          0.862     1.989    clk_IBUF_BUFG
    SLICE_X0Y12          FDRE                                         r  B_reg_reg[0]/C

Slack:                    inf
  Source:                 switches[1]
                            (input port)
  Destination:            A_reg_reg[1]/D
                            (rising edge-triggered cell FDRE clocked by sys_clk_pin  {rise@0.000ns fall@5.000ns period=10.000ns})
  Path Group:             (none)
  Path Type:              Hold (Min at Fast Process Corner)
  Data Path Delay:        0.590ns  (logic 0.229ns (38.860%)  route 0.361ns (61.140%))
  Logic Levels:           1  (IBUF=1)
  Clock Path Skew:        1.988ns (DCD - SCD - CPR)
    Destination Clock Delay (DCD):    1.988ns
    Source Clock Delay      (SCD):    0.000ns
    Clock Pessimism Removal (CPR):    -0.000ns

    Location             Delay type                Incr(ns)  Path(ns)    Netlist Resource(s)
  -------------------------------------------------------------------    -------------------
    V16                                               0.000     0.000 r  switches[1] (IN)
                         net (fo=0)                   0.000     0.000    switches[1]
    V16                  IBUF (Prop_ibuf_I_O)         0.229     0.229 r  switches_IBUF[1]_inst/O
                         net (fo=3, routed)           0.361     0.590    switches_IBUF[1]
    SLICE_X1Y13          FDRE                                         r  A_reg_reg[1]/D
  -------------------------------------------------------------------    -------------------

                         (clock sys_clk_pin rise edge)
                                                      0.000     0.000 r  
    W5                                                0.000     0.000 r  clk (IN)
                         net (fo=0)                   0.000     0.000    clk
    W5                   IBUF (Prop_ibuf_I_O)         0.414     0.414 r  clk_IBUF_inst/O
                         net (fo=1, routed)           0.685     1.099    clk_IBUF
    BUFGCTRL_X0Y0        BUFG (Prop_bufg_I_O)         0.029     1.128 r  clk_IBUF_BUFG_inst/O
                         net (fo=22, routed)          0.861     1.988    clk_IBUF_BUFG
    SLICE_X1Y13          FDRE                                         r  A_reg_reg[1]/C

Slack:                    inf
  Source:                 switches[1]
                            (input port)
  Destination:            B_reg_reg[1]/D
                            (rising edge-triggered cell FDRE clocked by sys_clk_pin  {rise@0.000ns fall@5.000ns period=10.000ns})
  Path Group:             (none)
  Path Type:              Hold (Min at Fast Process Corner)
  Data Path Delay:        0.597ns  (logic 0.229ns (38.388%)  route 0.368ns (61.612%))
  Logic Levels:           1  (IBUF=1)
  Clock Path Skew:        1.989ns (DCD - SCD - CPR)
    Destination Clock Delay (DCD):    1.989ns
    Source Clock Delay      (SCD):    0.000ns
    Clock Pessimism Removal (CPR):    -0.000ns

    Location             Delay type                Incr(ns)  Path(ns)    Netlist Resource(s)
  -------------------------------------------------------------------    -------------------
    V16                                               0.000     0.000 r  switches[1] (IN)
                         net (fo=0)                   0.000     0.000    switches[1]
    V16                  IBUF (Prop_ibuf_I_O)         0.229     0.229 r  switches_IBUF[1]_inst/O
                         net (fo=3, routed)           0.368     0.597    switches_IBUF[1]
    SLICE_X0Y12          FDRE                                         r  B_reg_reg[1]/D
  -------------------------------------------------------------------    -------------------

                         (clock sys_clk_pin rise edge)
                                                      0.000     0.000 r  
    W5                                                0.000     0.000 r  clk (IN)
                         net (fo=0)                   0.000     0.000    clk
    W5                   IBUF (Prop_ibuf_I_O)         0.414     0.414 r  clk_IBUF_inst/O
                         net (fo=1, routed)           0.685     1.099    clk_IBUF
    BUFGCTRL_X0Y0        BUFG (Prop_bufg_I_O)         0.029     1.128 r  clk_IBUF_BUFG_inst/O
                         net (fo=22, routed)          0.862     1.989    clk_IBUF_BUFG
    SLICE_X0Y12          FDRE                                         r  B_reg_reg[1]/C

Slack:                    inf
  Source:                 switches[6]
                            (input port)
  Destination:            B_reg_reg[6]/D
                            (rising edge-triggered cell FDRE clocked by sys_clk_pin  {rise@0.000ns fall@5.000ns period=10.000ns})
  Path Group:             (none)
  Path Type:              Hold (Min at Fast Process Corner)
  Data Path Delay:        0.600ns  (logic 0.218ns (36.314%)  route 0.382ns (63.686%))
  Logic Levels:           1  (IBUF=1)
  Clock Path Skew:        1.991ns (DCD - SCD - CPR)
    Destination Clock Delay (DCD):    1.991ns
    Source Clock Delay      (SCD):    0.000ns
    Clock Pessimism Removal (CPR):    -0.000ns

    Location             Delay type                Incr(ns)  Path(ns)    Netlist Resource(s)
  -------------------------------------------------------------------    -------------------
    W14                                               0.000     0.000 r  switches[6] (IN)
                         net (fo=0)                   0.000     0.000    switches[6]
    W14                  IBUF (Prop_ibuf_I_O)         0.218     0.218 r  switches_IBUF[6]_inst/O
                         net (fo=2, routed)           0.382     0.600    switches_IBUF[6]
    SLICE_X0Y11          FDRE                                         r  B_reg_reg[6]/D
  -------------------------------------------------------------------    -------------------

                         (clock sys_clk_pin rise edge)
                                                      0.000     0.000 r  
    W5                                                0.000     0.000 r  clk (IN)
                         net (fo=0)                   0.000     0.000    clk
    W5                   IBUF (Prop_ibuf_I_O)         0.414     0.414 r  clk_IBUF_inst/O
                         net (fo=1, routed)           0.685     1.099    clk_IBUF
    BUFGCTRL_X0Y0        BUFG (Prop_bufg_I_O)         0.029     1.128 r  clk_IBUF_BUFG_inst/O
                         net (fo=22, routed)          0.864     1.991    clk_IBUF_BUFG
    SLICE_X0Y11          FDRE                                         r  B_reg_reg[6]/C

Slack:                    inf
  Source:                 buttons[2]
                            (input port)
  Destination:            OP_reg_reg[0]/CE
                            (rising edge-triggered cell FDRE clocked by sys_clk_pin  {rise@0.000ns fall@5.000ns period=10.000ns})
  Path Group:             (none)
  Path Type:              Hold (Min at Fast Process Corner)
  Data Path Delay:        0.603ns  (logic 0.219ns (36.357%)  route 0.384ns (63.643%))
  Logic Levels:           1  (IBUF=1)
  Clock Path Skew:        1.989ns (DCD - SCD - CPR)
    Destination Clock Delay (DCD):    1.989ns
    Source Clock Delay      (SCD):    0.000ns
    Clock Pessimism Removal (CPR):    -0.000ns

    Location             Delay type                Incr(ns)  Path(ns)    Netlist Resource(s)
  -------------------------------------------------------------------    -------------------
    T17                                               0.000     0.000 r  buttons[2] (IN)
                         net (fo=0)                   0.000     0.000    buttons[2]
    T17                  IBUF (Prop_ibuf_I_O)         0.219     0.219 r  buttons_IBUF[2]_inst/O
                         net (fo=6, routed)           0.384     0.603    buttons_IBUF[2]
    SLICE_X1Y12          FDRE                                         r  OP_reg_reg[0]/CE
  -------------------------------------------------------------------    -------------------

                         (clock sys_clk_pin rise edge)
                                                      0.000     0.000 r  
    W5                                                0.000     0.000 r  clk (IN)
                         net (fo=0)                   0.000     0.000    clk
    W5                   IBUF (Prop_ibuf_I_O)         0.414     0.414 r  clk_IBUF_inst/O
                         net (fo=1, routed)           0.685     1.099    clk_IBUF
    BUFGCTRL_X0Y0        BUFG (Prop_bufg_I_O)         0.029     1.128 r  clk_IBUF_BUFG_inst/O
                         net (fo=22, routed)          0.862     1.989    clk_IBUF_BUFG
    SLICE_X1Y12          FDRE                                         r  OP_reg_reg[0]/C

Slack:                    inf
  Source:                 buttons[2]
                            (input port)
  Destination:            OP_reg_reg[1]/CE
                            (rising edge-triggered cell FDRE clocked by sys_clk_pin  {rise@0.000ns fall@5.000ns period=10.000ns})
  Path Group:             (none)
  Path Type:              Hold (Min at Fast Process Corner)
  Data Path Delay:        0.603ns  (logic 0.219ns (36.357%)  route 0.384ns (63.643%))
  Logic Levels:           1  (IBUF=1)
  Clock Path Skew:        1.989ns (DCD - SCD - CPR)
    Destination Clock Delay (DCD):    1.989ns
    Source Clock Delay      (SCD):    0.000ns
    Clock Pessimism Removal (CPR):    -0.000ns

    Location             Delay type                Incr(ns)  Path(ns)    Netlist Resource(s)
  -------------------------------------------------------------------    -------------------
    T17                                               0.000     0.000 r  buttons[2] (IN)
                         net (fo=0)                   0.000     0.000    buttons[2]
    T17                  IBUF (Prop_ibuf_I_O)         0.219     0.219 r  buttons_IBUF[2]_inst/O
                         net (fo=6, routed)           0.384     0.603    buttons_IBUF[2]
    SLICE_X1Y12          FDRE                                         r  OP_reg_reg[1]/CE
  -------------------------------------------------------------------    -------------------

                         (clock sys_clk_pin rise edge)
                                                      0.000     0.000 r  
    W5                                                0.000     0.000 r  clk (IN)
                         net (fo=0)                   0.000     0.000    clk
    W5                   IBUF (Prop_ibuf_I_O)         0.414     0.414 r  clk_IBUF_inst/O
                         net (fo=1, routed)           0.685     1.099    clk_IBUF
    BUFGCTRL_X0Y0        BUFG (Prop_bufg_I_O)         0.029     1.128 r  clk_IBUF_BUFG_inst/O
                         net (fo=22, routed)          0.862     1.989    clk_IBUF_BUFG
    SLICE_X1Y12          FDRE                                         r  OP_reg_reg[1]/C

Slack:                    inf
  Source:                 buttons[2]
                            (input port)
  Destination:            OP_reg_reg[2]/CE
                            (rising edge-triggered cell FDRE clocked by sys_clk_pin  {rise@0.000ns fall@5.000ns period=10.000ns})
  Path Group:             (none)
  Path Type:              Hold (Min at Fast Process Corner)
  Data Path Delay:        0.603ns  (logic 0.219ns (36.357%)  route 0.384ns (63.643%))
  Logic Levels:           1  (IBUF=1)
  Clock Path Skew:        1.989ns (DCD - SCD - CPR)
    Destination Clock Delay (DCD):    1.989ns
    Source Clock Delay      (SCD):    0.000ns
    Clock Pessimism Removal (CPR):    -0.000ns

    Location             Delay type                Incr(ns)  Path(ns)    Netlist Resource(s)
  -------------------------------------------------------------------    -------------------
    T17                                               0.000     0.000 r  buttons[2] (IN)
                         net (fo=0)                   0.000     0.000    buttons[2]
    T17                  IBUF (Prop_ibuf_I_O)         0.219     0.219 r  buttons_IBUF[2]_inst/O
                         net (fo=6, routed)           0.384     0.603    buttons_IBUF[2]
    SLICE_X1Y12          FDRE                                         r  OP_reg_reg[2]/CE
  -------------------------------------------------------------------    -------------------

                         (clock sys_clk_pin rise edge)
                                                      0.000     0.000 r  
    W5                                                0.000     0.000 r  clk (IN)
                         net (fo=0)                   0.000     0.000    clk
    W5                   IBUF (Prop_ibuf_I_O)         0.414     0.414 r  clk_IBUF_inst/O
                         net (fo=1, routed)           0.685     1.099    clk_IBUF
    BUFGCTRL_X0Y0        BUFG (Prop_bufg_I_O)         0.029     1.128 r  clk_IBUF_BUFG_inst/O
                         net (fo=22, routed)          0.862     1.989    clk_IBUF_BUFG
    SLICE_X1Y12          FDRE                                         r  OP_reg_reg[2]/C

Slack:                    inf
  Source:                 buttons[2]
                            (input port)
  Destination:            OP_reg_reg[3]/CE
                            (rising edge-triggered cell FDRE clocked by sys_clk_pin  {rise@0.000ns fall@5.000ns period=10.000ns})
  Path Group:             (none)
  Path Type:              Hold (Min at Fast Process Corner)
  Data Path Delay:        0.603ns  (logic 0.219ns (36.357%)  route 0.384ns (63.643%))
  Logic Levels:           1  (IBUF=1)
  Clock Path Skew:        1.989ns (DCD - SCD - CPR)
    Destination Clock Delay (DCD):    1.989ns
    Source Clock Delay      (SCD):    0.000ns
    Clock Pessimism Removal (CPR):    -0.000ns

    Location             Delay type                Incr(ns)  Path(ns)    Netlist Resource(s)
  -------------------------------------------------------------------    -------------------
    T17                                               0.000     0.000 r  buttons[2] (IN)
                         net (fo=0)                   0.000     0.000    buttons[2]
    T17                  IBUF (Prop_ibuf_I_O)         0.219     0.219 r  buttons_IBUF[2]_inst/O
                         net (fo=6, routed)           0.384     0.603    buttons_IBUF[2]
    SLICE_X1Y12          FDRE                                         r  OP_reg_reg[3]/CE
  -------------------------------------------------------------------    -------------------

                         (clock sys_clk_pin rise edge)
                                                      0.000     0.000 r  
    W5                                                0.000     0.000 r  clk (IN)
                         net (fo=0)                   0.000     0.000    clk
    W5                   IBUF (Prop_ibuf_I_O)         0.414     0.414 r  clk_IBUF_inst/O
                         net (fo=1, routed)           0.685     1.099    clk_IBUF
    BUFGCTRL_X0Y0        BUFG (Prop_bufg_I_O)         0.029     1.128 r  clk_IBUF_BUFG_inst/O
                         net (fo=22, routed)          0.862     1.989    clk_IBUF_BUFG
    SLICE_X1Y12          FDRE                                         r  OP_reg_reg[3]/C

Slack:                    inf
  Source:                 buttons[2]
                            (input port)
  Destination:            OP_reg_reg[4]/CE
                            (rising edge-triggered cell FDRE clocked by sys_clk_pin  {rise@0.000ns fall@5.000ns period=10.000ns})
  Path Group:             (none)
  Path Type:              Hold (Min at Fast Process Corner)
  Data Path Delay:        0.603ns  (logic 0.219ns (36.357%)  route 0.384ns (63.643%))
  Logic Levels:           1  (IBUF=1)
  Clock Path Skew:        1.989ns (DCD - SCD - CPR)
    Destination Clock Delay (DCD):    1.989ns
    Source Clock Delay      (SCD):    0.000ns
    Clock Pessimism Removal (CPR):    -0.000ns

    Location             Delay type                Incr(ns)  Path(ns)    Netlist Resource(s)
  -------------------------------------------------------------------    -------------------
    T17                                               0.000     0.000 r  buttons[2] (IN)
                         net (fo=0)                   0.000     0.000    buttons[2]
    T17                  IBUF (Prop_ibuf_I_O)         0.219     0.219 r  buttons_IBUF[2]_inst/O
                         net (fo=6, routed)           0.384     0.603    buttons_IBUF[2]
    SLICE_X1Y12          FDRE                                         r  OP_reg_reg[4]/CE
  -------------------------------------------------------------------    -------------------

                         (clock sys_clk_pin rise edge)
                                                      0.000     0.000 r  
    W5                                                0.000     0.000 r  clk (IN)
                         net (fo=0)                   0.000     0.000    clk
    W5                   IBUF (Prop_ibuf_I_O)         0.414     0.414 r  clk_IBUF_inst/O
                         net (fo=1, routed)           0.685     1.099    clk_IBUF
    BUFGCTRL_X0Y0        BUFG (Prop_bufg_I_O)         0.029     1.128 r  clk_IBUF_BUFG_inst/O
                         net (fo=22, routed)          0.862     1.989    clk_IBUF_BUFG
    SLICE_X1Y12          FDRE                                         r  OP_reg_reg[4]/C





